{"unidadLluvia":"litros/m2","unidadViento":"km/h","unidadPresion":"mbar","lluvia":58,"viento":38,"presion":1181}
{"unidadTemperatura":"ºC","unidadHumedad":"HR","unidadRadiactividad":"Bequerelio","temperatura":18,"humedad":24,"radiactividad":36}
{"unidadLluvia":"litros/m2","unidadViento":"km/h","unidadPresion":"mbar","lluvia":42,"viento":64,"presion":251}
{"unidadTemperatura":"ºC","unidadHumedad":"HR","unidadRadiactividad":"Bequerelio","temperatura":32,"humedad":23,"radiactividad":73}
{"unidadLluvia":"litros/m2","unidadViento":"km/h","unidadPresion":"mbar","lluvia":72,"viento":17,"presion":1049}
{"unidadTemperatura":"ºC","unidadHumedad":"HR","unidadRadiactividad":"Bequerelio","temperatura":32,"humedad":43,"radiactividad":7}
{"unidadLluvia":"litros/m2","unidadViento":"km/h","unidadPresion":"mbar","lluvia":83,"viento":110,"presion":809}
