{"unidadLluvia":"litros/m2","unidadViento":"km/h","unidadPresion":"mbar","lluvia":47,"viento":142,"presion":36}
{"unidadLluvia":"litros/m2","unidadViento":"km/h","unidadPresion":"mbar","lluvia":85,"viento":65,"presion":759}
{"unidadLluvia":"litros/m2","unidadViento":"km/h","unidadPresion":"mbar","lluvia":73,"viento":76,"presion":946}
{"unidadTemperatura":"ºC","unidadHumedad":"HR","unidadRadiactividad":"Bequerelio","temperatura":22,"humedad":43,"radiactividad":44}
{"unidadLluvia":"litros/m2","unidadViento":"km/h","unidadPresion":"mbar","lluvia":27,"viento":74,"presion":1063}
{"unidadTemperatura":"ºC","unidadHumedad":"HR","unidadRadiactividad":"Bequerelio","temperatura":39,"humedad":43,"radiactividad":71}
{"unidadLluvia":"litros/m2","unidadViento":"km/h","unidadPresion":"mbar","lluvia":88,"viento":85,"presion":218}
{"unidadTemperatura":"ºC","unidadHumedad":"HR","unidadRadiactividad":"Bequerelio","temperatura":40,"humedad":39,"radiactividad":95}
{"unidadLluvia":"litros/m2","unidadViento":"km/h","unidadPresion":"mbar","lluvia":50,"viento":144,"presion":813}
{"unidadTemperatura":"ºC","unidadHumedad":"HR","unidadRadiactividad":"Bequerelio","temperatura":27,"humedad":57,"radiactividad":38}
{"unidadLluvia":"litros/m2","unidadViento":"km/h","unidadPresion":"mbar","lluvia":72,"viento":91,"presion":370}
{"unidadTemperatura":"ºC","unidadHumedad":"HR","unidadRadiactividad":"Bequerelio","temperatura":17,"humedad":97,"radiactividad":81}
{"unidadLluvia":"litros/m2","unidadViento":"km/h","unidadPresion":"mbar","lluvia":85,"viento":93,"presion":307}
{"unidadTemperatura":"ºC","unidadHumedad":"HR","unidadRadiactividad":"Bequerelio","temperatura":23,"humedad":41,"radiactividad":93}
{"unidadLluvia":"litros/m2","unidadViento":"km/h","unidadPresion":"mbar","lluvia":6,"viento":55,"presion":811}
{"unidadTemperatura":"ºC","unidadHumedad":"HR","unidadRadiactividad":"Bequerelio","temperatura":38,"humedad":49,"radiactividad":3}
{"unidadLluvia":"litros/m2","unidadViento":"km/h","unidadPresion":"mbar","lluvia":10,"viento":104,"presion":815}
{"unidadTemperatura":"ºC","unidadHumedad":"HR","unidadRadiactividad":"Bequerelio","temperatura":8,"humedad":27,"radiactividad":38}
{"unidadLluvia":"litros/m2","unidadViento":"km/h","unidadPresion":"mbar","lluvia":13,"viento":26,"presion":951}
{"unidadTemperatura":"ºC","unidadHumedad":"HR","unidadRadiactividad":"Bequerelio","temperatura":3,"humedad":27,"radiactividad":94}
{"unidadLluvia":"litros/m2","unidadViento":"km/h","unidadPresion":"mbar","lluvia":11,"viento":140,"presion":852}
{"unidadTemperatura":"ºC","unidadHumedad":"HR","unidadRadiactividad":"Bequerelio","temperatura":2,"humedad":21,"radiactividad":89}
{"unidadLluvia":"litros/m2","unidadViento":"km/h","unidadPresion":"mbar","lluvia":6,"viento":43,"presion":161}
{"unidadTemperatura":"ºC","unidadHumedad":"HR","unidadRadiactividad":"Bequerelio","temperatura":9,"humedad":86,"radiactividad":44}
{"unidadLluvia":"litros/m2","unidadViento":"km/h","unidadPresion":"mbar","lluvia":97,"viento":72,"presion":1131}
{"unidadTemperatura":"ºC","unidadHumedad":"HR","unidadRadiactividad":"Bequerelio","temperatura":4,"humedad":32,"radiactividad":78}
{"unidadLluvia":"litros/m2","unidadViento":"km/h","unidadPresion":"mbar","lluvia":57,"viento":81,"presion":408}
{"unidadTemperatura":"ºC","unidadHumedad":"HR","unidadRadiactividad":"Bequerelio","temperatura":20,"humedad":98,"radiactividad":11}
{"unidadLluvia":"litros/m2","unidadViento":"km/h","unidadPresion":"mbar","lluvia":43,"viento":73,"presion":436}
{"unidadTemperatura":"ºC","unidadHumedad":"HR","unidadRadiactividad":"Bequerelio","temperatura":14,"humedad":48,"radiactividad":10}
{"unidadLluvia":"litros/m2","unidadViento":"km/h","unidadPresion":"mbar","lluvia":30,"viento":103,"presion":413}
{"unidadTemperatura":"ºC","unidadHumedad":"HR","unidadRadiactividad":"Bequerelio","temperatura":23,"humedad":24,"radiactividad":33}
{"unidadLluvia":"litros/m2","unidadViento":"km/h","unidadPresion":"mbar","lluvia":28,"viento":102,"presion":1062}
{"unidadTemperatura":"ºC","unidadHumedad":"HR","unidadRadiactividad":"Bequerelio","temperatura":17,"humedad":18,"radiactividad":90}
{"unidadLluvia":"litros/m2","unidadViento":"km/h","unidadPresion":"mbar","lluvia":96,"viento":88,"presion":1182}
{"unidadTemperatura":"ºC","unidadHumedad":"HR","unidadRadiactividad":"Bequerelio","temperatura":4,"humedad":85,"radiactividad":70}
{"unidadLluvia":"litros/m2","unidadViento":"km/h","unidadPresion":"mbar","lluvia":44,"viento":30,"presion":364}
{"unidadTemperatura":"ºC","unidadHumedad":"HR","unidadRadiactividad":"Bequerelio","temperatura":7,"humedad":42,"radiactividad":41}
{"unidadLluvia":"litros/m2","unidadViento":"km/h","unidadPresion":"mbar","lluvia":42,"viento":51,"presion":613}
{"unidadTemperatura":"ºC","unidadHumedad":"HR","unidadRadiactividad":"Bequerelio","temperatura":36,"humedad":62,"radiactividad":15}
{"unidadLluvia":"litros/m2","unidadViento":"km/h","unidadPresion":"mbar","lluvia":64,"viento":5,"presion":25}
{"unidadTemperatura":"ºC","unidadHumedad":"HR","unidadRadiactividad":"Bequerelio","temperatura":34,"humedad":84,"radiactividad":27}
{"unidadLluvia":"litros/m2","unidadViento":"km/h","unidadPresion":"mbar","lluvia":32,"viento":49,"presion":248}
{"unidadTemperatura":"ºC","unidadHumedad":"HR","unidadRadiactividad":"Bequerelio","temperatura":4,"humedad":64,"radiactividad":27}
{"unidadLluvia":"litros/m2","unidadViento":"km/h","unidadPresion":"mbar","lluvia":45,"viento":100,"presion":1002}
{"unidadTemperatura":"ºC","unidadHumedad":"HR","unidadRadiactividad":"Bequerelio","temperatura":23,"humedad":83,"radiactividad":42}
{"unidadLluvia":"litros/m2","unidadViento":"km/h","unidadPresion":"mbar","lluvia":100,"viento":5,"presion":549}
{"unidadTemperatura":"ºC","unidadHumedad":"HR","unidadRadiactividad":"Bequerelio","temperatura":27,"humedad":40,"radiactividad":72}
{"unidadLluvia":"litros/m2","unidadViento":"km/h","unidadPresion":"mbar","lluvia":92,"viento":111,"presion":253}
{"unidadTemperatura":"ºC","unidadHumedad":"HR","unidadRadiactividad":"Bequerelio","temperatura":20,"humedad":3,"radiactividad":85}
{"unidadLluvia":"litros/m2","unidadViento":"km/h","unidadPresion":"mbar","lluvia":69,"viento":19,"presion":828}
{"unidadTemperatura":"ºC","unidadHumedad":"HR","unidadRadiactividad":"Bequerelio","temperatura":26,"humedad":28,"radiactividad":44}
{"unidadLluvia":"litros/m2","unidadViento":"km/h","unidadPresion":"mbar","lluvia":79,"viento":43,"presion":996}
{"unidadLluvia":"litros/m2","unidadViento":"km/h","unidadPresion":"mbar","lluvia":15,"viento":22,"presion":775}
{"unidadTemperatura":"ºC","unidadHumedad":"HR","unidadRadiactividad":"Bequerelio","temperatura":16,"humedad":22,"radiactividad":97}
{"unidadLluvia":"litros/m2","unidadViento":"km/h","unidadPresion":"mbar","lluvia":32,"viento":44,"presion":272}
{"unidadTemperatura":"ºC","unidadHumedad":"HR","unidadRadiactividad":"Bequerelio","temperatura":4,"humedad":73,"radiactividad":97}
{"unidadLluvia":"litros/m2","unidadViento":"km/h","unidadPresion":"mbar","lluvia":51,"viento":72,"presion":1009}
{"unidadTemperatura":"ºC","unidadHumedad":"HR","unidadRadiactividad":"Bequerelio","temperatura":30,"humedad":61,"radiactividad":7}
{"unidadLluvia":"litros/m2","unidadViento":"km/h","unidadPresion":"mbar","lluvia":58,"viento":79,"presion":1004}
{"unidadTemperatura":"ºC","unidadHumedad":"HR","unidadRadiactividad":"Bequerelio","temperatura":31,"humedad":69,"radiactividad":87}
{"unidadLluvia":"litros/m2","unidadViento":"km/h","unidadPresion":"mbar","lluvia":88,"viento":81,"presion":969}
{"unidadTemperatura":"ºC","unidadHumedad":"HR","unidadRadiactividad":"Bequerelio","temperatura":2,"humedad":90,"radiactividad":76}
{"unidadLluvia":"litros/m2","unidadViento":"km/h","unidadPresion":"mbar","lluvia":7,"viento":98,"presion":713}
{"unidadTemperatura":"ºC","unidadHumedad":"HR","unidadRadiactividad":"Bequerelio","temperatura":26,"humedad":74,"radiactividad":98}
{"unidadLluvia":"litros/m2","unidadViento":"km/h","unidadPresion":"mbar","lluvia":50,"viento":99,"presion":192}
{"unidadTemperatura":"ºC","unidadHumedad":"HR","unidadRadiactividad":"Bequerelio","temperatura":33,"humedad":4,"radiactividad":19}
{"unidadLluvia":"litros/m2","unidadViento":"km/h","unidadPresion":"mbar","lluvia":98,"viento":132,"presion":736}
{"unidadTemperatura":"ºC","unidadHumedad":"HR","unidadRadiactividad":"Bequerelio","temperatura":21,"humedad":5,"radiactividad":69}
{"unidadLluvia":"litros/m2","unidadViento":"km/h","unidadPresion":"mbar","lluvia":52,"viento":83,"presion":1197}
{"unidadTemperatura":"ºC","unidadHumedad":"HR","unidadRadiactividad":"Bequerelio","temperatura":18,"humedad":3,"radiactividad":98}
{"unidadLluvia":"litros/m2","unidadViento":"km/h","unidadPresion":"mbar","lluvia":80,"viento":120,"presion":820}
{"unidadTemperatura":"ºC","unidadHumedad":"HR","unidadRadiactividad":"Bequerelio","temperatura":39,"humedad":99,"radiactividad":38}
{"unidadLluvia":"litros/m2","unidadViento":"km/h","unidadPresion":"mbar","lluvia":29,"viento":10,"presion":966}
{"unidadTemperatura":"ºC","unidadHumedad":"HR","unidadRadiactividad":"Bequerelio","temperatura":10,"humedad":8,"radiactividad":69}
{"unidadLluvia":"litros/m2","unidadViento":"km/h","unidadPresion":"mbar","lluvia":57,"viento":59,"presion":628}
{"unidadTemperatura":"ºC","unidadHumedad":"HR","unidadRadiactividad":"Bequerelio","temperatura":24,"humedad":82,"radiactividad":11}
{"unidadLluvia":"litros/m2","unidadViento":"km/h","unidadPresion":"mbar","lluvia":58,"viento":15,"presion":991}
{"unidadTemperatura":"ºC","unidadHumedad":"HR","unidadRadiactividad":"Bequerelio","temperatura":2,"humedad":6,"radiactividad":64}
{"unidadLluvia":"litros/m2","unidadViento":"km/h","unidadPresion":"mbar","lluvia":56,"viento":95,"presion":222}
{"unidadTemperatura":"ºC","unidadHumedad":"HR","unidadRadiactividad":"Bequerelio","temperatura":1,"humedad":94,"radiactividad":91}
{"unidadTemperatura":"ºC","unidadHumedad":"HR","unidadRadiactividad":"Bequerelio","temperatura":37,"humedad":96,"radiactividad":48}
{"unidadLluvia":"litros/m2","unidadViento":"km/h","unidadPresion":"mbar","lluvia":24,"viento":3,"presion":375}
{"unidadLluvia":"litros/m2","unidadViento":"km/h","unidadPresion":"mbar","lluvia":35,"viento":145,"presion":65}
{"unidadTemperatura":"ºC","unidadHumedad":"HR","unidadRadiactividad":"Bequerelio","temperatura":2,"humedad":14,"radiactividad":35}
{"unidadLluvia":"litros/m2","unidadViento":"km/h","unidadPresion":"mbar","lluvia":19,"viento":39,"presion":565}
{"unidadTemperatura":"ºC","unidadHumedad":"HR","unidadRadiactividad":"Bequerelio","temperatura":38,"humedad":7,"radiactividad":92}
{"unidadLluvia":"litros/m2","unidadViento":"km/h","unidadPresion":"mbar","lluvia":9,"viento":14,"presion":1193}
{"unidadTemperatura":"ºC","unidadHumedad":"HR","unidadRadiactividad":"Bequerelio","temperatura":20,"humedad":84,"radiactividad":2}
{"unidadLluvia":"litros/m2","unidadViento":"km/h","unidadPresion":"mbar","lluvia":66,"viento":53,"presion":187}
{"unidadTemperatura":"ºC","unidadHumedad":"HR","unidadRadiactividad":"Bequerelio","temperatura":23,"humedad":10,"radiactividad":66}
{"unidadLluvia":"litros/m2","unidadViento":"km/h","unidadPresion":"mbar","lluvia":51,"viento":51,"presion":30}
{"unidadTemperatura":"ºC","unidadHumedad":"HR","unidadRadiactividad":"Bequerelio","temperatura":5,"humedad":42,"radiactividad":56}
{"unidadLluvia":"litros/m2","unidadViento":"km/h","unidadPresion":"mbar","lluvia":40,"viento":109,"presion":770}
{"unidadTemperatura":"ºC","unidadHumedad":"HR","unidadRadiactividad":"Bequerelio","temperatura":13,"humedad":46,"radiactividad":98}
{"unidadLluvia":"litros/m2","unidadViento":"km/h","unidadPresion":"mbar","lluvia":54,"viento":142,"presion":747}
{"unidadTemperatura":"ºC","unidadHumedad":"HR","unidadRadiactividad":"Bequerelio","temperatura":12,"humedad":69,"radiactividad":71}
{"unidadLluvia":"litros/m2","unidadViento":"km/h","unidadPresion":"mbar","lluvia":64,"viento":94,"presion":495}
{"unidadTemperatura":"ºC","unidadHumedad":"HR","unidadRadiactividad":"Bequerelio","temperatura":13,"humedad":45,"radiactividad":48}
{"unidadLluvia":"litros/m2","unidadViento":"km/h","unidadPresion":"mbar","lluvia":27,"viento":54,"presion":630}
{"unidadTemperatura":"ºC","unidadHumedad":"HR","unidadRadiactividad":"Bequerelio","temperatura":4,"humedad":47,"radiactividad":87}
{"unidadLluvia":"litros/m2","unidadViento":"km/h","unidadPresion":"mbar","lluvia":65,"viento":112,"presion":13}
{"unidadTemperatura":"ºC","unidadHumedad":"HR","unidadRadiactividad":"Bequerelio","temperatura":24,"humedad":13,"radiactividad":53}
{"unidadLluvia":"litros/m2","unidadViento":"km/h","unidadPresion":"mbar","lluvia":76,"viento":95,"presion":1102}
{"unidadTemperatura":"ºC","unidadHumedad":"HR","unidadRadiactividad":"Bequerelio","temperatura":19,"humedad":32,"radiactividad":35}
{"unidadLluvia":"litros/m2","unidadViento":"km/h","unidadPresion":"mbar","lluvia":67,"viento":61,"presion":648}
{"unidadTemperatura":"ºC","unidadHumedad":"HR","unidadRadiactividad":"Bequerelio","temperatura":13,"humedad":54,"radiactividad":13}
{"unidadLluvia":"litros/m2","unidadViento":"km/h","unidadPresion":"mbar","lluvia":94,"viento":141,"presion":731}
{"unidadTemperatura":"ºC","unidadHumedad":"HR","unidadRadiactividad":"Bequerelio","temperatura":21,"humedad":49,"radiactividad":16}
{"unidadLluvia":"litros/m2","unidadViento":"km/h","unidadPresion":"mbar","lluvia":39,"viento":7,"presion":557}
{"unidadTemperatura":"ºC","unidadHumedad":"HR","unidadRadiactividad":"Bequerelio","temperatura":36,"humedad":97,"radiactividad":39}
{"unidadLluvia":"litros/m2","unidadViento":"km/h","unidadPresion":"mbar","lluvia":56,"viento":26,"presion":880}
{"unidadTemperatura":"ºC","unidadHumedad":"HR","unidadRadiactividad":"Bequerelio","temperatura":29,"humedad":16,"radiactividad":70}
{"unidadLluvia":"litros/m2","unidadViento":"km/h","unidadPresion":"mbar","lluvia":24,"viento":143,"presion":1107}
{"unidadTemperatura":"ºC","unidadHumedad":"HR","unidadRadiactividad":"Bequerelio","temperatura":6,"humedad":44,"radiactividad":68}
{"unidadLluvia":"litros/m2","unidadViento":"km/h","unidadPresion":"mbar","lluvia":63,"viento":44,"presion":137}
{"unidadTemperatura":"ºC","unidadHumedad":"HR","unidadRadiactividad":"Bequerelio","temperatura":8,"humedad":55,"radiactividad":82}
{"unidadLluvia":"litros/m2","unidadViento":"km/h","unidadPresion":"mbar","lluvia":34,"viento":40,"presion":687}
{"unidadTemperatura":"ºC","unidadHumedad":"HR","unidadRadiactividad":"Bequerelio","temperatura":33,"humedad":58,"radiactividad":51}
{"unidadLluvia":"litros/m2","unidadViento":"km/h","unidadPresion":"mbar","lluvia":90,"viento":76,"presion":155}
{"unidadTemperatura":"ºC","unidadHumedad":"HR","unidadRadiactividad":"Bequerelio","temperatura":13,"humedad":28,"radiactividad":44}
{"unidadLluvia":"litros/m2","unidadViento":"km/h","unidadPresion":"mbar","lluvia":30,"viento":62,"presion":701}
{"unidadTemperatura":"ºC","unidadHumedad":"HR","unidadRadiactividad":"Bequerelio","temperatura":9,"humedad":6,"radiactividad":63}
{"unidadLluvia":"litros/m2","unidadViento":"km/h","unidadPresion":"mbar","lluvia":48,"viento":53,"presion":343}
{"unidadTemperatura":"ºC","unidadHumedad":"HR","unidadRadiactividad":"Bequerelio","temperatura":39,"humedad":90,"radiactividad":26}
{"unidadLluvia":"litros/m2","unidadViento":"km/h","unidadPresion":"mbar","lluvia":94,"viento":31,"presion":266}
{"unidadTemperatura":"ºC","unidadHumedad":"HR","unidadRadiactividad":"Bequerelio","temperatura":18,"humedad":1,"radiactividad":67}
{"unidadLluvia":"litros/m2","unidadViento":"km/h","unidadPresion":"mbar","lluvia":46,"viento":124,"presion":1164}
{"unidadTemperatura":"ºC","unidadHumedad":"HR","unidadRadiactividad":"Bequerelio","temperatura":9,"humedad":39,"radiactividad":37}
{"unidadLluvia":"litros/m2","unidadViento":"km/h","unidadPresion":"mbar","lluvia":74,"viento":101,"presion":591}
{"unidadTemperatura":"ºC","unidadHumedad":"HR","unidadRadiactividad":"Bequerelio","temperatura":33,"humedad":51,"radiactividad":2}
{"unidadLluvia":"litros/m2","unidadViento":"km/h","unidadPresion":"mbar","lluvia":82,"viento":39,"presion":1042}
{"unidadTemperatura":"ºC","unidadHumedad":"HR","unidadRadiactividad":"Bequerelio","temperatura":31,"humedad":98,"radiactividad":39}
{"unidadLluvia":"litros/m2","unidadViento":"km/h","unidadPresion":"mbar","lluvia":2,"viento":32,"presion":1002}
{"unidadTemperatura":"ºC","unidadHumedad":"HR","unidadRadiactividad":"Bequerelio","temperatura":37,"humedad":19,"radiactividad":3}
{"unidadLluvia":"litros/m2","unidadViento":"km/h","unidadPresion":"mbar","lluvia":44,"viento":24,"presion":1093}
{"unidadTemperatura":"ºC","unidadHumedad":"HR","unidadRadiactividad":"Bequerelio","temperatura":16,"humedad":59,"radiactividad":19}
{"unidadLluvia":"litros/m2","unidadViento":"km/h","unidadPresion":"mbar","lluvia":90,"viento":85,"presion":109}
{"unidadTemperatura":"ºC","unidadHumedad":"HR","unidadRadiactividad":"Bequerelio","temperatura":14,"humedad":53,"radiactividad":92}
{"unidadLluvia":"litros/m2","unidadViento":"km/h","unidadPresion":"mbar","lluvia":42,"viento":57,"presion":763}
{"unidadTemperatura":"ºC","unidadHumedad":"HR","unidadRadiactividad":"Bequerelio","temperatura":15,"humedad":36,"radiactividad":67}
{"unidadLluvia":"litros/m2","unidadViento":"km/h","unidadPresion":"mbar","lluvia":66,"viento":114,"presion":230}
{"unidadTemperatura":"ºC","unidadHumedad":"HR","unidadRadiactividad":"Bequerelio","temperatura":21,"humedad":6,"radiactividad":28}
{"unidadLluvia":"litros/m2","unidadViento":"km/h","unidadPresion":"mbar","lluvia":23,"viento":102,"presion":301}
{"unidadTemperatura":"ºC","unidadHumedad":"HR","unidadRadiactividad":"Bequerelio","temperatura":10,"humedad":69,"radiactividad":49}
{"unidadLluvia":"litros/m2","unidadViento":"km/h","unidadPresion":"mbar","lluvia":20,"viento":79,"presion":827}
{"unidadTemperatura":"ºC","unidadHumedad":"HR","unidadRadiactividad":"Bequerelio","temperatura":7,"humedad":78,"radiactividad":95}
{"unidadLluvia":"litros/m2","unidadViento":"km/h","unidadPresion":"mbar","lluvia":48,"viento":6,"presion":492}
{"unidadTemperatura":"ºC","unidadHumedad":"HR","unidadRadiactividad":"Bequerelio","temperatura":34,"humedad":19,"radiactividad":39}
{"unidadLluvia":"litros/m2","unidadViento":"km/h","unidadPresion":"mbar","lluvia":13,"viento":16,"presion":595}
{"unidadTemperatura":"ºC","unidadHumedad":"HR","unidadRadiactividad":"Bequerelio","temperatura":14,"humedad":77,"radiactividad":56}
{"unidadLluvia":"litros/m2","unidadViento":"km/h","unidadPresion":"mbar","lluvia":87,"viento":46,"presion":571}
{"unidadTemperatura":"ºC","unidadHumedad":"HR","unidadRadiactividad":"Bequerelio","temperatura":36,"humedad":80,"radiactividad":33}
{"unidadLluvia":"litros/m2","unidadViento":"km/h","unidadPresion":"mbar","lluvia":32,"viento":106,"presion":1106}
{"unidadTemperatura":"ºC","unidadHumedad":"HR","unidadRadiactividad":"Bequerelio","temperatura":38,"humedad":17,"radiactividad":69}
{"unidadLluvia":"litros/m2","unidadViento":"km/h","unidadPresion":"mbar","lluvia":68,"viento":106,"presion":596}
{"unidadTemperatura":"ºC","unidadHumedad":"HR","unidadRadiactividad":"Bequerelio","temperatura":14,"humedad":98,"radiactividad":56}
{"unidadLluvia":"litros/m2","unidadViento":"km/h","unidadPresion":"mbar","lluvia":39,"viento":109,"presion":135}
{"unidadTemperatura":"ºC","unidadHumedad":"HR","unidadRadiactividad":"Bequerelio","temperatura":37,"humedad":26,"radiactividad":65}
{"unidadLluvia":"litros/m2","unidadViento":"km/h","unidadPresion":"mbar","lluvia":35,"viento":95,"presion":1188}
{"unidadTemperatura":"ºC","unidadHumedad":"HR","unidadRadiactividad":"Bequerelio","temperatura":35,"humedad":25,"radiactividad":10}
{"unidadLluvia":"litros/m2","unidadViento":"km/h","unidadPresion":"mbar","lluvia":34,"viento":116,"presion":813}
{"unidadTemperatura":"ºC","unidadHumedad":"HR","unidadRadiactividad":"Bequerelio","temperatura":17,"humedad":41,"radiactividad":98}
{"unidadLluvia":"litros/m2","unidadViento":"km/h","unidadPresion":"mbar","lluvia":15,"viento":43,"presion":242}
{"unidadTemperatura":"ºC","unidadHumedad":"HR","unidadRadiactividad":"Bequerelio","temperatura":38,"humedad":72,"radiactividad":47}
{"unidadLluvia":"litros/m2","unidadViento":"km/h","unidadPresion":"mbar","lluvia":83,"viento":45,"presion":301}
{"unidadTemperatura":"ºC","unidadHumedad":"HR","unidadRadiactividad":"Bequerelio","temperatura":26,"humedad":76,"radiactividad":51}
{"unidadLluvia":"litros/m2","unidadViento":"km/h","unidadPresion":"mbar","lluvia":81,"viento":114,"presion":693}
{"unidadTemperatura":"ºC","unidadHumedad":"HR","unidadRadiactividad":"Bequerelio","temperatura":34,"humedad":48,"radiactividad":1}
{"unidadLluvia":"litros/m2","unidadViento":"km/h","unidadPresion":"mbar","lluvia":11,"viento":14,"presion":794}
{"unidadTemperatura":"ºC","unidadHumedad":"HR","unidadRadiactividad":"Bequerelio","temperatura":39,"humedad":85,"radiactividad":65}
{"unidadLluvia":"litros/m2","unidadViento":"km/h","unidadPresion":"mbar","lluvia":28,"viento":15,"presion":815}
{"unidadTemperatura":"ºC","unidadHumedad":"HR","unidadRadiactividad":"Bequerelio","temperatura":35,"humedad":47,"radiactividad":100}
{"unidadLluvia":"litros/m2","unidadViento":"km/h","unidadPresion":"mbar","lluvia":96,"viento":149,"presion":962}
{"unidadTemperatura":"ºC","unidadHumedad":"HR","unidadRadiactividad":"Bequerelio","temperatura":17,"humedad":95,"radiactividad":20}
{"unidadLluvia":"litros/m2","unidadViento":"km/h","unidadPresion":"mbar","lluvia":72,"viento":10,"presion":608}
{"unidadTemperatura":"ºC","unidadHumedad":"HR","unidadRadiactividad":"Bequerelio","temperatura":2,"humedad":46,"radiactividad":8}
{"unidadLluvia":"litros/m2","unidadViento":"km/h","unidadPresion":"mbar","lluvia":100,"viento":3,"presion":167}
{"unidadLluvia":"litros/m2","unidadViento":"km/h","unidadPresion":"mbar","lluvia":16,"viento":72,"presion":1004}
{"unidadTemperatura":"ºC","unidadHumedad":"HR","unidadRadiactividad":"Bequerelio","temperatura":2,"humedad":17,"radiactividad":14}
{"unidadLluvia":"litros/m2","unidadViento":"km/h","unidadPresion":"mbar","lluvia":51,"viento":91,"presion":25}
{"unidadTemperatura":"ºC","unidadHumedad":"HR","unidadRadiactividad":"Bequerelio","temperatura":20,"humedad":18,"radiactividad":26}
{"unidadLluvia":"litros/m2","unidadViento":"km/h","unidadPresion":"mbar","lluvia":86,"viento":39,"presion":1030}
{"unidadTemperatura":"ºC","unidadHumedad":"HR","unidadRadiactividad":"Bequerelio","temperatura":22,"humedad":12,"radiactividad":66}
{"unidadLluvia":"litros/m2","unidadViento":"km/h","unidadPresion":"mbar","lluvia":43,"viento":31,"presion":379}
{"unidadTemperatura":"ºC","unidadHumedad":"HR","unidadRadiactividad":"Bequerelio","temperatura":35,"humedad":28,"radiactividad":95}
{"unidadLluvia":"litros/m2","unidadViento":"km/h","unidadPresion":"mbar","lluvia":85,"viento":53,"presion":555}
{"unidadTemperatura":"ºC","unidadHumedad":"HR","unidadRadiactividad":"Bequerelio","temperatura":3,"humedad":77,"radiactividad":62}
{"unidadLluvia":"litros/m2","unidadViento":"km/h","unidadPresion":"mbar","lluvia":14,"viento":62,"presion":860}
{"unidadTemperatura":"ºC","unidadHumedad":"HR","unidadRadiactividad":"Bequerelio","temperatura":36,"humedad":29,"radiactividad":88}
{"unidadLluvia":"litros/m2","unidadViento":"km/h","unidadPresion":"mbar","lluvia":90,"viento":83,"presion":154}
{"unidadTemperatura":"ºC","unidadHumedad":"HR","unidadRadiactividad":"Bequerelio","temperatura":8,"humedad":76,"radiactividad":50}
{"unidadLluvia":"litros/m2","unidadViento":"km/h","unidadPresion":"mbar","lluvia":32,"viento":20,"presion":238}
{"unidadTemperatura":"ºC","unidadHumedad":"HR","unidadRadiactividad":"Bequerelio","temperatura":23,"humedad":81,"radiactividad":93}
{"unidadLluvia":"litros/m2","unidadViento":"km/h","unidadPresion":"mbar","lluvia":14,"viento":112,"presion":171}
{"unidadTemperatura":"ºC","unidadHumedad":"HR","unidadRadiactividad":"Bequerelio","temperatura":27,"humedad":88,"radiactividad":86}
{"unidadLluvia":"litros/m2","unidadViento":"km/h","unidadPresion":"mbar","lluvia":24,"viento":77,"presion":190}
{"unidadTemperatura":"ºC","unidadHumedad":"HR","unidadRadiactividad":"Bequerelio","temperatura":15,"humedad":13,"radiactividad":6}
{"unidadLluvia":"litros/m2","unidadViento":"km/h","unidadPresion":"mbar","lluvia":92,"viento":137,"presion":866}
{"unidadTemperatura":"ºC","unidadHumedad":"HR","unidadRadiactividad":"Bequerelio","temperatura":28,"humedad":19,"radiactividad":25}
{"unidadLluvia":"litros/m2","unidadViento":"km/h","unidadPresion":"mbar","lluvia":26,"viento":52,"presion":330}
{"unidadTemperatura":"ºC","unidadHumedad":"HR","unidadRadiactividad":"Bequerelio","temperatura":33,"humedad":72,"radiactividad":48}
{"unidadLluvia":"litros/m2","unidadViento":"km/h","unidadPresion":"mbar","lluvia":23,"viento":116,"presion":373}
{"unidadTemperatura":"ºC","unidadHumedad":"HR","unidadRadiactividad":"Bequerelio","temperatura":14,"humedad":72,"radiactividad":9}
{"unidadLluvia":"litros/m2","unidadViento":"km/h","unidadPresion":"mbar","lluvia":44,"viento":114,"presion":387}
{"unidadTemperatura":"ºC","unidadHumedad":"HR","unidadRadiactividad":"Bequerelio","temperatura":2,"humedad":57,"radiactividad":69}
{"unidadLluvia":"litros/m2","unidadViento":"km/h","unidadPresion":"mbar","lluvia":15,"viento":51,"presion":433}
{"unidadTemperatura":"ºC","unidadHumedad":"HR","unidadRadiactividad":"Bequerelio","temperatura":3,"humedad":41,"radiactividad":86}
{"unidadLluvia":"litros/m2","unidadViento":"km/h","unidadPresion":"mbar","lluvia":42,"viento":97,"presion":1163}
{"unidadTemperatura":"ºC","unidadHumedad":"HR","unidadRadiactividad":"Bequerelio","temperatura":28,"humedad":31,"radiactividad":6}
{"unidadLluvia":"litros/m2","unidadViento":"km/h","unidadPresion":"mbar","lluvia":53,"viento":68,"presion":229}
{"unidadTemperatura":"ºC","unidadHumedad":"HR","unidadRadiactividad":"Bequerelio","temperatura":20,"humedad":59,"radiactividad":36}
{"unidadLluvia":"litros/m2","unidadViento":"km/h","unidadPresion":"mbar","lluvia":42,"viento":20,"presion":726}
{"unidadTemperatura":"ºC","unidadHumedad":"HR","unidadRadiactividad":"Bequerelio","temperatura":2,"humedad":30,"radiactividad":17}
{"unidadLluvia":"litros/m2","unidadViento":"km/h","unidadPresion":"mbar","lluvia":7,"viento":93,"presion":804}
{"unidadTemperatura":"ºC","unidadHumedad":"HR","unidadRadiactividad":"Bequerelio","temperatura":12,"humedad":61,"radiactividad":92}
{"unidadLluvia":"litros/m2","unidadViento":"km/h","unidadPresion":"mbar","lluvia":20,"viento":52,"presion":354}
{"unidadTemperatura":"ºC","unidadHumedad":"HR","unidadRadiactividad":"Bequerelio","temperatura":40,"humedad":9,"radiactividad":55}
{"unidadLluvia":"litros/m2","unidadViento":"km/h","unidadPresion":"mbar","lluvia":16,"viento":3,"presion":1121}
{"unidadTemperatura":"ºC","unidadHumedad":"HR","unidadRadiactividad":"Bequerelio","temperatura":25,"humedad":36,"radiactividad":64}
{"unidadLluvia":"litros/m2","unidadViento":"km/h","unidadPresion":"mbar","lluvia":71,"viento":104,"presion":803}
{"unidadTemperatura":"ºC","unidadHumedad":"HR","unidadRadiactividad":"Bequerelio","temperatura":35,"humedad":63,"radiactividad":6}
{"unidadLluvia":"litros/m2","unidadViento":"km/h","unidadPresion":"mbar","lluvia":87,"viento":21,"presion":367}
{"unidadTemperatura":"ºC","unidadHumedad":"HR","unidadRadiactividad":"Bequerelio","temperatura":8,"humedad":40,"radiactividad":21}
{"unidadLluvia":"litros/m2","unidadViento":"km/h","unidadPresion":"mbar","lluvia":58,"viento":50,"presion":358}
{"unidadTemperatura":"ºC","unidadHumedad":"HR","unidadRadiactividad":"Bequerelio","temperatura":9,"humedad":16,"radiactividad":62}
{"unidadLluvia":"litros/m2","unidadViento":"km/h","unidadPresion":"mbar","lluvia":54,"viento":116,"presion":1067}
{"unidadTemperatura":"ºC","unidadHumedad":"HR","unidadRadiactividad":"Bequerelio","temperatura":14,"humedad":33,"radiactividad":78}
{"unidadLluvia":"litros/m2","unidadViento":"km/h","unidadPresion":"mbar","lluvia":70,"viento":131,"presion":33}
{"unidadTemperatura":"ºC","unidadHumedad":"HR","unidadRadiactividad":"Bequerelio","temperatura":22,"humedad":73,"radiactividad":89}
{"unidadLluvia":"litros/m2","unidadViento":"km/h","unidadPresion":"mbar","lluvia":98,"viento":18,"presion":851}
{"unidadTemperatura":"ºC","unidadHumedad":"HR","unidadRadiactividad":"Bequerelio","temperatura":18,"humedad":90,"radiactividad":29}
{"unidadLluvia":"litros/m2","unidadViento":"km/h","unidadPresion":"mbar","lluvia":4,"viento":10,"presion":133}
{"unidadTemperatura":"ºC","unidadHumedad":"HR","unidadRadiactividad":"Bequerelio","temperatura":2,"humedad":98,"radiactividad":54}
{"unidadLluvia":"litros/m2","unidadViento":"km/h","unidadPresion":"mbar","lluvia":26,"viento":102,"presion":1032}
{"unidadTemperatura":"ºC","unidadHumedad":"HR","unidadRadiactividad":"Bequerelio","temperatura":13,"humedad":12,"radiactividad":77}
{"unidadLluvia":"litros/m2","unidadViento":"km/h","unidadPresion":"mbar","lluvia":36,"viento":90,"presion":532}
{"unidadTemperatura":"ºC","unidadHumedad":"HR","unidadRadiactividad":"Bequerelio","temperatura":22,"humedad":92,"radiactividad":1}
{"unidadLluvia":"litros/m2","unidadViento":"km/h","unidadPresion":"mbar","lluvia":40,"viento":19,"presion":541}
{"unidadTemperatura":"ºC","unidadHumedad":"HR","unidadRadiactividad":"Bequerelio","temperatura":40,"humedad":10,"radiactividad":64}
{"unidadLluvia":"litros/m2","unidadViento":"km/h","unidadPresion":"mbar","lluvia":9,"viento":47,"presion":5}
{"unidadTemperatura":"ºC","unidadHumedad":"HR","unidadRadiactividad":"Bequerelio","temperatura":23,"humedad":14,"radiactividad":2}
{"unidadLluvia":"litros/m2","unidadViento":"km/h","unidadPresion":"mbar","lluvia":99,"viento":83,"presion":521}
{"unidadTemperatura":"ºC","unidadHumedad":"HR","unidadRadiactividad":"Bequerelio","temperatura":10,"humedad":72,"radiactividad":73}
{"unidadLluvia":"litros/m2","unidadViento":"km/h","unidadPresion":"mbar","lluvia":23,"viento":134,"presion":1054}
{"unidadTemperatura":"ºC","unidadHumedad":"HR","unidadRadiactividad":"Bequerelio","temperatura":15,"humedad":68,"radiactividad":1}
{"unidadLluvia":"litros/m2","unidadViento":"km/h","unidadPresion":"mbar","lluvia":28,"viento":92,"presion":1141}
{"unidadTemperatura":"ºC","unidadHumedad":"HR","unidadRadiactividad":"Bequerelio","temperatura":14,"humedad":22,"radiactividad":26}
{"unidadLluvia":"litros/m2","unidadViento":"km/h","unidadPresion":"mbar","lluvia":81,"viento":78,"presion":158}
{"unidadTemperatura":"ºC","unidadHumedad":"HR","unidadRadiactividad":"Bequerelio","temperatura":5,"humedad":53,"radiactividad":89}
{"unidadLluvia":"litros/m2","unidadViento":"km/h","unidadPresion":"mbar","lluvia":52,"viento":4,"presion":137}
{"unidadTemperatura":"ºC","unidadHumedad":"HR","unidadRadiactividad":"Bequerelio","temperatura":28,"humedad":79,"radiactividad":46}
{"unidadLluvia":"litros/m2","unidadViento":"km/h","unidadPresion":"mbar","lluvia":70,"viento":95,"presion":1171}
{"unidadTemperatura":"ºC","unidadHumedad":"HR","unidadRadiactividad":"Bequerelio","temperatura":39,"humedad":32,"radiactividad":27}
{"unidadLluvia":"litros/m2","unidadViento":"km/h","unidadPresion":"mbar","lluvia":64,"viento":68,"presion":164}
{"unidadTemperatura":"ºC","unidadHumedad":"HR","unidadRadiactividad":"Bequerelio","temperatura":2,"humedad":10,"radiactividad":34}
{"unidadLluvia":"litros/m2","unidadViento":"km/h","unidadPresion":"mbar","lluvia":22,"viento":19,"presion":280}
{"unidadTemperatura":"ºC","unidadHumedad":"HR","unidadRadiactividad":"Bequerelio","temperatura":4,"humedad":97,"radiactividad":62}
{"unidadLluvia":"litros/m2","unidadViento":"km/h","unidadPresion":"mbar","lluvia":54,"viento":136,"presion":147}
{"unidadTemperatura":"ºC","unidadHumedad":"HR","unidadRadiactividad":"Bequerelio","temperatura":14,"humedad":84,"radiactividad":3}
{"unidadLluvia":"litros/m2","unidadViento":"km/h","unidadPresion":"mbar","lluvia":62,"viento":68,"presion":187}
{"unidadTemperatura":"ºC","unidadHumedad":"HR","unidadRadiactividad":"Bequerelio","temperatura":26,"humedad":4,"radiactividad":91}
{"unidadLluvia":"litros/m2","unidadViento":"km/h","unidadPresion":"mbar","lluvia":64,"viento":119,"presion":413}
{"unidadTemperatura":"ºC","unidadHumedad":"HR","unidadRadiactividad":"Bequerelio","temperatura":21,"humedad":73,"radiactividad":48}
{"unidadLluvia":"litros/m2","unidadViento":"km/h","unidadPresion":"mbar","lluvia":14,"viento":42,"presion":386}
{"unidadTemperatura":"ºC","unidadHumedad":"HR","unidadRadiactividad":"Bequerelio","temperatura":2,"humedad":80,"radiactividad":10}
{"unidadLluvia":"litros/m2","unidadViento":"km/h","unidadPresion":"mbar","lluvia":22,"viento":141,"presion":457}
{"unidadTemperatura":"ºC","unidadHumedad":"HR","unidadRadiactividad":"Bequerelio","temperatura":6,"humedad":57,"radiactividad":94}
{"unidadLluvia":"litros/m2","unidadViento":"km/h","unidadPresion":"mbar","lluvia":44,"viento":73,"presion":142}
{"unidadTemperatura":"ºC","unidadHumedad":"HR","unidadRadiactividad":"Bequerelio","temperatura":38,"humedad":10,"radiactividad":65}
{"unidadLluvia":"litros/m2","unidadViento":"km/h","unidadPresion":"mbar","lluvia":59,"viento":12,"presion":593}
{"unidadTemperatura":"ºC","unidadHumedad":"HR","unidadRadiactividad":"Bequerelio","temperatura":23,"humedad":70,"radiactividad":24}
{"unidadLluvia":"litros/m2","unidadViento":"km/h","unidadPresion":"mbar","lluvia":82,"viento":64,"presion":458}
{"unidadTemperatura":"ºC","unidadHumedad":"HR","unidadRadiactividad":"Bequerelio","temperatura":18,"humedad":32,"radiactividad":49}
{"unidadLluvia":"litros/m2","unidadViento":"km/h","unidadPresion":"mbar","lluvia":81,"viento":147,"presion":232}
{"unidadTemperatura":"ºC","unidadHumedad":"HR","unidadRadiactividad":"Bequerelio","temperatura":34,"humedad":96,"radiactividad":72}
{"unidadLluvia":"litros/m2","unidadViento":"km/h","unidadPresion":"mbar","lluvia":62,"viento":9,"presion":58}
{"unidadTemperatura":"ºC","unidadHumedad":"HR","unidadRadiactividad":"Bequerelio","temperatura":10,"humedad":16,"radiactividad":99}
{"unidadLluvia":"litros/m2","unidadViento":"km/h","unidadPresion":"mbar","lluvia":98,"viento":140,"presion":290}
{"unidadTemperatura":"ºC","unidadHumedad":"HR","unidadRadiactividad":"Bequerelio","temperatura":32,"humedad":65,"radiactividad":77}
{"unidadLluvia":"litros/m2","unidadViento":"km/h","unidadPresion":"mbar","lluvia":9,"viento":106,"presion":347}
{"unidadTemperatura":"ºC","unidadHumedad":"HR","unidadRadiactividad":"Bequerelio","temperatura":2,"humedad":22,"radiactividad":40}
{"unidadLluvia":"litros/m2","unidadViento":"km/h","unidadPresion":"mbar","lluvia":17,"viento":89,"presion":924}
{"unidadTemperatura":"ºC","unidadHumedad":"HR","unidadRadiactividad":"Bequerelio","temperatura":35,"humedad":56,"radiactividad":69}
{"unidadLluvia":"litros/m2","unidadViento":"km/h","unidadPresion":"mbar","lluvia":36,"viento":28,"presion":1178}
{"unidadTemperatura":"ºC","unidadHumedad":"HR","unidadRadiactividad":"Bequerelio","temperatura":29,"humedad":77,"radiactividad":61}
{"unidadLluvia":"litros/m2","unidadViento":"km/h","unidadPresion":"mbar","lluvia":59,"viento":97,"presion":560}
{"unidadTemperatura":"ºC","unidadHumedad":"HR","unidadRadiactividad":"Bequerelio","temperatura":6,"humedad":66,"radiactividad":75}
{"unidadLluvia":"litros/m2","unidadViento":"km/h","unidadPresion":"mbar","lluvia":84,"viento":125,"presion":746}
{"unidadTemperatura":"ºC","unidadHumedad":"HR","unidadRadiactividad":"Bequerelio","temperatura":9,"humedad":4,"radiactividad":65}
{"unidadLluvia":"litros/m2","unidadViento":"km/h","unidadPresion":"mbar","lluvia":2,"viento":37,"presion":803}
{"unidadTemperatura":"ºC","unidadHumedad":"HR","unidadRadiactividad":"Bequerelio","temperatura":40,"humedad":14,"radiactividad":30}
{"unidadLluvia":"litros/m2","unidadViento":"km/h","unidadPresion":"mbar","lluvia":84,"viento":104,"presion":883}
{"unidadTemperatura":"ºC","unidadHumedad":"HR","unidadRadiactividad":"Bequerelio","temperatura":8,"humedad":89,"radiactividad":79}
{"unidadLluvia":"litros/m2","unidadViento":"km/h","unidadPresion":"mbar","lluvia":90,"viento":26,"presion":113}
{"unidadTemperatura":"ºC","unidadHumedad":"HR","unidadRadiactividad":"Bequerelio","temperatura":29,"humedad":82,"radiactividad":82}
{"unidadLluvia":"litros/m2","unidadViento":"km/h","unidadPresion":"mbar","lluvia":96,"viento":72,"presion":526}
{"unidadTemperatura":"ºC","unidadHumedad":"HR","unidadRadiactividad":"Bequerelio","temperatura":4,"humedad":85,"radiactividad":44}
{"unidadLluvia":"litros/m2","unidadViento":"km/h","unidadPresion":"mbar","lluvia":6,"viento":62,"presion":571}
{"unidadTemperatura":"ºC","unidadHumedad":"HR","unidadRadiactividad":"Bequerelio","temperatura":23,"humedad":27,"radiactividad":92}
{"unidadLluvia":"litros/m2","unidadViento":"km/h","unidadPresion":"mbar","lluvia":92,"viento":102,"presion":1096}
{"unidadTemperatura":"ºC","unidadHumedad":"HR","unidadRadiactividad":"Bequerelio","temperatura":8,"humedad":52,"radiactividad":73}
{"unidadLluvia":"litros/m2","unidadViento":"km/h","unidadPresion":"mbar","lluvia":90,"viento":74,"presion":548}
{"unidadTemperatura":"ºC","unidadHumedad":"HR","unidadRadiactividad":"Bequerelio","temperatura":14,"humedad":100,"radiactividad":46}
{"unidadLluvia":"litros/m2","unidadViento":"km/h","unidadPresion":"mbar","lluvia":55,"viento":144,"presion":277}
{"unidadTemperatura":"ºC","unidadHumedad":"HR","unidadRadiactividad":"Bequerelio","temperatura":23,"humedad":49,"radiactividad":45}
{"unidadLluvia":"litros/m2","unidadViento":"km/h","unidadPresion":"mbar","lluvia":46,"viento":58,"presion":145}
{"unidadTemperatura":"ºC","unidadHumedad":"HR","unidadRadiactividad":"Bequerelio","temperatura":13,"humedad":33,"radiactividad":95}
{"unidadLluvia":"litros/m2","unidadViento":"km/h","unidadPresion":"mbar","lluvia":62,"viento":98,"presion":1160}
{"unidadTemperatura":"ºC","unidadHumedad":"HR","unidadRadiactividad":"Bequerelio","temperatura":39,"humedad":18,"radiactividad":55}
{"unidadLluvia":"litros/m2","unidadViento":"km/h","unidadPresion":"mbar","lluvia":34,"viento":22,"presion":50}
{"unidadTemperatura":"ºC","unidadHumedad":"HR","unidadRadiactividad":"Bequerelio","temperatura":30,"humedad":30,"radiactividad":33}
{"unidadLluvia":"litros/m2","unidadViento":"km/h","unidadPresion":"mbar","lluvia":87,"viento":112,"presion":790}
{"unidadTemperatura":"ºC","unidadHumedad":"HR","unidadRadiactividad":"Bequerelio","temperatura":18,"humedad":67,"radiactividad":27}
{"unidadLluvia":"litros/m2","unidadViento":"km/h","unidadPresion":"mbar","lluvia":74,"viento":101,"presion":960}
{"unidadTemperatura":"ºC","unidadHumedad":"HR","unidadRadiactividad":"Bequerelio","temperatura":32,"humedad":2,"radiactividad":61}
{"unidadLluvia":"litros/m2","unidadViento":"km/h","unidadPresion":"mbar","lluvia":56,"viento":3,"presion":1101}
{"unidadTemperatura":"ºC","unidadHumedad":"HR","unidadRadiactividad":"Bequerelio","temperatura":35,"humedad":89,"radiactividad":50}
{"unidadLluvia":"litros/m2","unidadViento":"km/h","unidadPresion":"mbar","lluvia":88,"viento":65,"presion":704}
{"unidadTemperatura":"ºC","unidadHumedad":"HR","unidadRadiactividad":"Bequerelio","temperatura":39,"humedad":68,"radiactividad":18}
{"unidadLluvia":"litros/m2","unidadViento":"km/h","unidadPresion":"mbar","lluvia":48,"viento":99,"presion":920}
{"unidadTemperatura":"ºC","unidadHumedad":"HR","unidadRadiactividad":"Bequerelio","temperatura":17,"humedad":3,"radiactividad":37}
{"unidadLluvia":"litros/m2","unidadViento":"km/h","unidadPresion":"mbar","lluvia":62,"viento":139,"presion":960}
{"unidadTemperatura":"ºC","unidadHumedad":"HR","unidadRadiactividad":"Bequerelio","temperatura":32,"humedad":21,"radiactividad":93}
{"unidadLluvia":"litros/m2","unidadViento":"km/h","unidadPresion":"mbar","lluvia":10,"viento":59,"presion":1043}
{"unidadLluvia":"litros/m2","unidadViento":"km/h","unidadPresion":"mbar","lluvia":73,"viento":97,"presion":1079}
{"unidadTemperatura":"ºC","unidadHumedad":"HR","unidadRadiactividad":"Bequerelio","temperatura":13,"humedad":39,"radiactividad":89}
{"unidadLluvia":"litros/m2","unidadViento":"km/h","unidadPresion":"mbar","lluvia":64,"viento":49,"presion":543}
{"unidadTemperatura":"ºC","unidadHumedad":"HR","unidadRadiactividad":"Bequerelio","temperatura":36,"humedad":13,"radiactividad":11}
{"unidadLluvia":"litros/m2","unidadViento":"km/h","unidadPresion":"mbar","lluvia":88,"viento":79,"presion":48}
{"unidadTemperatura":"ºC","unidadHumedad":"HR","unidadRadiactividad":"Bequerelio","temperatura":24,"humedad":56,"radiactividad":34}
{"unidadLluvia":"litros/m2","unidadViento":"km/h","unidadPresion":"mbar","lluvia":74,"viento":43,"presion":578}
{"unidadTemperatura":"ºC","unidadHumedad":"HR","unidadRadiactividad":"Bequerelio","temperatura":9,"humedad":39,"radiactividad":30}
{"unidadLluvia":"litros/m2","unidadViento":"km/h","unidadPresion":"mbar","lluvia":55,"viento":133,"presion":971}
{"unidadTemperatura":"ºC","unidadHumedad":"HR","unidadRadiactividad":"Bequerelio","temperatura":1,"humedad":27,"radiactividad":91}
{"unidadLluvia":"litros/m2","unidadViento":"km/h","unidadPresion":"mbar","lluvia":44,"viento":73,"presion":589}
{"unidadTemperatura":"ºC","unidadHumedad":"HR","unidadRadiactividad":"Bequerelio","temperatura":34,"humedad":52,"radiactividad":81}
{"unidadLluvia":"litros/m2","unidadViento":"km/h","unidadPresion":"mbar","lluvia":21,"viento":147,"presion":294}
{"unidadTemperatura":"ºC","unidadHumedad":"HR","unidadRadiactividad":"Bequerelio","temperatura":15,"humedad":96,"radiactividad":8}
{"unidadLluvia":"litros/m2","unidadViento":"km/h","unidadPresion":"mbar","lluvia":19,"viento":88,"presion":519}
{"unidadTemperatura":"ºC","unidadHumedad":"HR","unidadRadiactividad":"Bequerelio","temperatura":4,"humedad":27,"radiactividad":93}
{"unidadLluvia":"litros/m2","unidadViento":"km/h","unidadPresion":"mbar","lluvia":24,"viento":46,"presion":765}
{"unidadTemperatura":"ºC","unidadHumedad":"HR","unidadRadiactividad":"Bequerelio","temperatura":26,"humedad":93,"radiactividad":22}
{"unidadLluvia":"litros/m2","unidadViento":"km/h","unidadPresion":"mbar","lluvia":60,"viento":99,"presion":396}
{"unidadTemperatura":"ºC","unidadHumedad":"HR","unidadRadiactividad":"Bequerelio","temperatura":3,"humedad":65,"radiactividad":41}
{"unidadLluvia":"litros/m2","unidadViento":"km/h","unidadPresion":"mbar","lluvia":55,"viento":128,"presion":755}
{"unidadTemperatura":"ºC","unidadHumedad":"HR","unidadRadiactividad":"Bequerelio","temperatura":16,"humedad":9,"radiactividad":66}
{"unidadLluvia":"litros/m2","unidadViento":"km/h","unidadPresion":"mbar","lluvia":62,"viento":102,"presion":1104}
{"unidadTemperatura":"ºC","unidadHumedad":"HR","unidadRadiactividad":"Bequerelio","temperatura":25,"humedad":15,"radiactividad":15}
{"unidadLluvia":"litros/m2","unidadViento":"km/h","unidadPresion":"mbar","lluvia":96,"viento":28,"presion":609}
{"unidadTemperatura":"ºC","unidadHumedad":"HR","unidadRadiactividad":"Bequerelio","temperatura":10,"humedad":39,"radiactividad":13}
{"unidadLluvia":"litros/m2","unidadViento":"km/h","unidadPresion":"mbar","lluvia":64,"viento":124,"presion":1187}
{"unidadTemperatura":"ºC","unidadHumedad":"HR","unidadRadiactividad":"Bequerelio","temperatura":5,"humedad":37,"radiactividad":45}
{"unidadLluvia":"litros/m2","unidadViento":"km/h","unidadPresion":"mbar","lluvia":98,"viento":73,"presion":1076}
{"unidadTemperatura":"ºC","unidadHumedad":"HR","unidadRadiactividad":"Bequerelio","temperatura":27,"humedad":94,"radiactividad":93}
{"unidadLluvia":"litros/m2","unidadViento":"km/h","unidadPresion":"mbar","lluvia":18,"viento":64,"presion":1192}
{"unidadTemperatura":"ºC","unidadHumedad":"HR","unidadRadiactividad":"Bequerelio","temperatura":16,"humedad":37,"radiactividad":36}
{"unidadLluvia":"litros/m2","unidadViento":"km/h","unidadPresion":"mbar","lluvia":5,"viento":120,"presion":769}
{"unidadTemperatura":"ºC","unidadHumedad":"HR","unidadRadiactividad":"Bequerelio","temperatura":27,"humedad":32,"radiactividad":11}
{"unidadLluvia":"litros/m2","unidadViento":"km/h","unidadPresion":"mbar","lluvia":55,"viento":45,"presion":609}
{"unidadTemperatura":"ºC","unidadHumedad":"HR","unidadRadiactividad":"Bequerelio","temperatura":3,"humedad":13,"radiactividad":51}
{"unidadLluvia":"litros/m2","unidadViento":"km/h","unidadPresion":"mbar","lluvia":5,"viento":62,"presion":174}
{"unidadTemperatura":"ºC","unidadHumedad":"HR","unidadRadiactividad":"Bequerelio","temperatura":31,"humedad":2,"radiactividad":36}
{"unidadLluvia":"litros/m2","unidadViento":"km/h","unidadPresion":"mbar","lluvia":80,"viento":130,"presion":420}
{"unidadTemperatura":"ºC","unidadHumedad":"HR","unidadRadiactividad":"Bequerelio","temperatura":17,"humedad":27,"radiactividad":6}
{"unidadLluvia":"litros/m2","unidadViento":"km/h","unidadPresion":"mbar","lluvia":40,"viento":55,"presion":308}
{"unidadTemperatura":"ºC","unidadHumedad":"HR","unidadRadiactividad":"Bequerelio","temperatura":24,"humedad":94,"radiactividad":75}
{"unidadLluvia":"litros/m2","unidadViento":"km/h","unidadPresion":"mbar","lluvia":76,"viento":71,"presion":545}
{"unidadTemperatura":"ºC","unidadHumedad":"HR","unidadRadiactividad":"Bequerelio","temperatura":14,"humedad":87,"radiactividad":65}
{"unidadLluvia":"litros/m2","unidadViento":"km/h","unidadPresion":"mbar","lluvia":1,"viento":72,"presion":142}
{"unidadTemperatura":"ºC","unidadHumedad":"HR","unidadRadiactividad":"Bequerelio","temperatura":29,"humedad":68,"radiactividad":9}
{"unidadLluvia":"litros/m2","unidadViento":"km/h","unidadPresion":"mbar","lluvia":2,"viento":89,"presion":345}
{"unidadTemperatura":"ºC","unidadHumedad":"HR","unidadRadiactividad":"Bequerelio","temperatura":36,"humedad":46,"radiactividad":53}
{"unidadLluvia":"litros/m2","unidadViento":"km/h","unidadPresion":"mbar","lluvia":41,"viento":124,"presion":1129}
{"unidadTemperatura":"ºC","unidadHumedad":"HR","unidadRadiactividad":"Bequerelio","temperatura":5,"humedad":59,"radiactividad":52}
{"unidadLluvia":"litros/m2","unidadViento":"km/h","unidadPresion":"mbar","lluvia":50,"viento":112,"presion":975}
{"unidadLluvia":"litros/m2","unidadViento":"km/h","unidadPresion":"mbar","lluvia":77,"viento":91,"presion":655}
{"unidadTemperatura":"ºC","unidadHumedad":"HR","unidadRadiactividad":"Bequerelio","temperatura":40,"humedad":26,"radiactividad":11}
{"unidadLluvia":"litros/m2","unidadViento":"km/h","unidadPresion":"mbar","lluvia":46,"viento":104,"presion":1058}
{"unidadTemperatura":"ºC","unidadHumedad":"HR","unidadRadiactividad":"Bequerelio","temperatura":27,"humedad":48,"radiactividad":42}
{"unidadLluvia":"litros/m2","unidadViento":"km/h","unidadPresion":"mbar","lluvia":33,"viento":119,"presion":574}
{"unidadTemperatura":"ºC","unidadHumedad":"HR","unidadRadiactividad":"Bequerelio","temperatura":2,"humedad":82,"radiactividad":23}
{"unidadLluvia":"litros/m2","unidadViento":"km/h","unidadPresion":"mbar","lluvia":68,"viento":62,"presion":452}
{"unidadTemperatura":"ºC","unidadHumedad":"HR","unidadRadiactividad":"Bequerelio","temperatura":9,"humedad":48,"radiactividad":20}
{"unidadLluvia":"litros/m2","unidadViento":"km/h","unidadPresion":"mbar","lluvia":83,"viento":113,"presion":760}
{"unidadTemperatura":"ºC","unidadHumedad":"HR","unidadRadiactividad":"Bequerelio","temperatura":25,"humedad":77,"radiactividad":39}
{"unidadLluvia":"litros/m2","unidadViento":"km/h","unidadPresion":"mbar","lluvia":30,"viento":112,"presion":1081}
{"unidadTemperatura":"ºC","unidadHumedad":"HR","unidadRadiactividad":"Bequerelio","temperatura":23,"humedad":63,"radiactividad":88}
{"unidadLluvia":"litros/m2","unidadViento":"km/h","unidadPresion":"mbar","lluvia":20,"viento":70,"presion":980}
{"unidadTemperatura":"ºC","unidadHumedad":"HR","unidadRadiactividad":"Bequerelio","temperatura":14,"humedad":59,"radiactividad":37}
{"unidadLluvia":"litros/m2","unidadViento":"km/h","unidadPresion":"mbar","lluvia":77,"viento":55,"presion":991}
{"unidadTemperatura":"ºC","unidadHumedad":"HR","unidadRadiactividad":"Bequerelio","temperatura":22,"humedad":97,"radiactividad":80}
{"unidadLluvia":"litros/m2","unidadViento":"km/h","unidadPresion":"mbar","lluvia":99,"viento":95,"presion":1116}
{"unidadTemperatura":"ºC","unidadHumedad":"HR","unidadRadiactividad":"Bequerelio","temperatura":21,"humedad":9,"radiactividad":10}
{"unidadLluvia":"litros/m2","unidadViento":"km/h","unidadPresion":"mbar","lluvia":32,"viento":43,"presion":426}
{"unidadTemperatura":"ºC","unidadHumedad":"HR","unidadRadiactividad":"Bequerelio","temperatura":35,"humedad":98,"radiactividad":91}
{"unidadLluvia":"litros/m2","unidadViento":"km/h","unidadPresion":"mbar","lluvia":47,"viento":112,"presion":540}
{"unidadTemperatura":"ºC","unidadHumedad":"HR","unidadRadiactividad":"Bequerelio","temperatura":37,"humedad":16,"radiactividad":9}
{"unidadLluvia":"litros/m2","unidadViento":"km/h","unidadPresion":"mbar","lluvia":60,"viento":123,"presion":680}
{"unidadTemperatura":"ºC","unidadHumedad":"HR","unidadRadiactividad":"Bequerelio","temperatura":35,"humedad":54,"radiactividad":79}
{"unidadLluvia":"litros/m2","unidadViento":"km/h","unidadPresion":"mbar","lluvia":76,"viento":62,"presion":352}
{"unidadTemperatura":"ºC","unidadHumedad":"HR","unidadRadiactividad":"Bequerelio","temperatura":14,"humedad":97,"radiactividad":98}
{"unidadLluvia":"litros/m2","unidadViento":"km/h","unidadPresion":"mbar","lluvia":52,"viento":55,"presion":559}
{"unidadTemperatura":"ºC","unidadHumedad":"HR","unidadRadiactividad":"Bequerelio","temperatura":1,"humedad":54,"radiactividad":63}
{"unidadLluvia":"litros/m2","unidadViento":"km/h","unidadPresion":"mbar","lluvia":98,"viento":8,"presion":656}
{"unidadTemperatura":"ºC","unidadHumedad":"HR","unidadRadiactividad":"Bequerelio","temperatura":12,"humedad":98,"radiactividad":23}
{"unidadLluvia":"litros/m2","unidadViento":"km/h","unidadPresion":"mbar","lluvia":40,"viento":4,"presion":576}
{"unidadTemperatura":"ºC","unidadHumedad":"HR","unidadRadiactividad":"Bequerelio","temperatura":25,"humedad":17,"radiactividad":22}
{"unidadLluvia":"litros/m2","unidadViento":"km/h","unidadPresion":"mbar","lluvia":76,"viento":95,"presion":831}
{"unidadTemperatura":"ºC","unidadHumedad":"HR","unidadRadiactividad":"Bequerelio","temperatura":4,"humedad":20,"radiactividad":50}
{"unidadLluvia":"litros/m2","unidadViento":"km/h","unidadPresion":"mbar","lluvia":88,"viento":136,"presion":581}
{"unidadTemperatura":"ºC","unidadHumedad":"HR","unidadRadiactividad":"Bequerelio","temperatura":20,"humedad":60,"radiactividad":98}
{"unidadLluvia":"litros/m2","unidadViento":"km/h","unidadPresion":"mbar","lluvia":46,"viento":108,"presion":527}
{"unidadTemperatura":"ºC","unidadHumedad":"HR","unidadRadiactividad":"Bequerelio","temperatura":20,"humedad":42,"radiactividad":45}
{"unidadLluvia":"litros/m2","unidadViento":"km/h","unidadPresion":"mbar","lluvia":48,"viento":23,"presion":574}
{"unidadTemperatura":"ºC","unidadHumedad":"HR","unidadRadiactividad":"Bequerelio","temperatura":12,"humedad":96,"radiactividad":52}
{"unidadLluvia":"litros/m2","unidadViento":"km/h","unidadPresion":"mbar","lluvia":13,"viento":140,"presion":543}
{"unidadTemperatura":"ºC","unidadHumedad":"HR","unidadRadiactividad":"Bequerelio","temperatura":31,"humedad":94,"radiactividad":36}
{"unidadLluvia":"litros/m2","unidadViento":"km/h","unidadPresion":"mbar","lluvia":42,"viento":94,"presion":400}
{"unidadTemperatura":"ºC","unidadHumedad":"HR","unidadRadiactividad":"Bequerelio","temperatura":9,"humedad":97,"radiactividad":99}
{"unidadLluvia":"litros/m2","unidadViento":"km/h","unidadPresion":"mbar","lluvia":84,"viento":13,"presion":359}
{"unidadTemperatura":"ºC","unidadHumedad":"HR","unidadRadiactividad":"Bequerelio","temperatura":4,"humedad":86,"radiactividad":8}
{"unidadLluvia":"litros/m2","unidadViento":"km/h","unidadPresion":"mbar","lluvia":24,"viento":39,"presion":120}
{"unidadTemperatura":"ºC","unidadHumedad":"HR","unidadRadiactividad":"Bequerelio","temperatura":19,"humedad":88,"radiactividad":80}
{"unidadLluvia":"litros/m2","unidadViento":"km/h","unidadPresion":"mbar","lluvia":31,"viento":100,"presion":219}
{"unidadTemperatura":"ºC","unidadHumedad":"HR","unidadRadiactividad":"Bequerelio","temperatura":2,"humedad":22,"radiactividad":61}
{"unidadLluvia":"litros/m2","unidadViento":"km/h","unidadPresion":"mbar","lluvia":19,"viento":118,"presion":757}
{"unidadTemperatura":"ºC","unidadHumedad":"HR","unidadRadiactividad":"Bequerelio","temperatura":40,"humedad":5,"radiactividad":93}
{"unidadLluvia":"litros/m2","unidadViento":"km/h","unidadPresion":"mbar","lluvia":30,"viento":80,"presion":490}
{"unidadTemperatura":"ºC","unidadHumedad":"HR","unidadRadiactividad":"Bequerelio","temperatura":11,"humedad":8,"radiactividad":25}
{"unidadLluvia":"litros/m2","unidadViento":"km/h","unidadPresion":"mbar","lluvia":40,"viento":3,"presion":1092}
{"unidadTemperatura":"ºC","unidadHumedad":"HR","unidadRadiactividad":"Bequerelio","temperatura":14,"humedad":65,"radiactividad":68}
{"unidadLluvia":"litros/m2","unidadViento":"km/h","unidadPresion":"mbar","lluvia":64,"viento":145,"presion":435}
{"unidadTemperatura":"ºC","unidadHumedad":"HR","unidadRadiactividad":"Bequerelio","temperatura":16,"humedad":46,"radiactividad":9}
{"unidadLluvia":"litros/m2","unidadViento":"km/h","unidadPresion":"mbar","lluvia":35,"viento":24,"presion":438}
{"unidadLluvia":"litros/m2","unidadViento":"km/h","unidadPresion":"mbar","lluvia":99,"viento":61,"presion":726}
{"unidadLluvia":"litros/m2","unidadViento":"km/h","unidadPresion":"mbar","lluvia":33,"viento":4,"presion":1146}
{"unidadLluvia":"litros/m2","unidadViento":"km/h","unidadPresion":"mbar","lluvia":10,"viento":119,"presion":721}
{"unidadTemperatura":"ºC","unidadHumedad":"HR","unidadRadiactividad":"Bequerelio","temperatura":26,"humedad":76,"radiactividad":34}
{"unidadLluvia":"litros/m2","unidadViento":"km/h","unidadPresion":"mbar","lluvia":97,"viento":119,"presion":450}
{"unidadTemperatura":"ºC","unidadHumedad":"HR","unidadRadiactividad":"Bequerelio","temperatura":5,"humedad":14,"radiactividad":89}
{"unidadLluvia":"litros/m2","unidadViento":"km/h","unidadPresion":"mbar","lluvia":37,"viento":135,"presion":868}
{"unidadTemperatura":"ºC","unidadHumedad":"HR","unidadRadiactividad":"Bequerelio","temperatura":24,"humedad":13,"radiactividad":43}
{"unidadLluvia":"litros/m2","unidadViento":"km/h","unidadPresion":"mbar","lluvia":90,"viento":21,"presion":251}
{"unidadTemperatura":"ºC","unidadHumedad":"HR","unidadRadiactividad":"Bequerelio","temperatura":29,"humedad":44,"radiactividad":43}
{"unidadLluvia":"litros/m2","unidadViento":"km/h","unidadPresion":"mbar","lluvia":6,"viento":48,"presion":801}
{"unidadTemperatura":"ºC","unidadHumedad":"HR","unidadRadiactividad":"Bequerelio","temperatura":15,"humedad":22,"radiactividad":1}
{"unidadLluvia":"litros/m2","unidadViento":"km/h","unidadPresion":"mbar","lluvia":52,"viento":81,"presion":571}
{"unidadTemperatura":"ºC","unidadHumedad":"HR","unidadRadiactividad":"Bequerelio","temperatura":24,"humedad":98,"radiactividad":20}
{"unidadLluvia":"litros/m2","unidadViento":"km/h","unidadPresion":"mbar","lluvia":71,"viento":149,"presion":347}
{"unidadTemperatura":"ºC","unidadHumedad":"HR","unidadRadiactividad":"Bequerelio","temperatura":2,"humedad":56,"radiactividad":54}
{"unidadLluvia":"litros/m2","unidadViento":"km/h","unidadPresion":"mbar","lluvia":22,"viento":123,"presion":477}
{"unidadTemperatura":"ºC","unidadHumedad":"HR","unidadRadiactividad":"Bequerelio","temperatura":19,"humedad":29,"radiactividad":81}
{"unidadLluvia":"litros/m2","unidadViento":"km/h","unidadPresion":"mbar","lluvia":39,"viento":31,"presion":360}
{"unidadTemperatura":"ºC","unidadHumedad":"HR","unidadRadiactividad":"Bequerelio","temperatura":34,"humedad":91,"radiactividad":23}
{"unidadLluvia":"litros/m2","unidadViento":"km/h","unidadPresion":"mbar","lluvia":10,"viento":124,"presion":105}
{"unidadTemperatura":"ºC","unidadHumedad":"HR","unidadRadiactividad":"Bequerelio","temperatura":20,"humedad":20,"radiactividad":93}
{"unidadLluvia":"litros/m2","unidadViento":"km/h","unidadPresion":"mbar","lluvia":5,"viento":76,"presion":755}
{"unidadTemperatura":"ºC","unidadHumedad":"HR","unidadRadiactividad":"Bequerelio","temperatura":31,"humedad":76,"radiactividad":71}
{"unidadLluvia":"litros/m2","unidadViento":"km/h","unidadPresion":"mbar","lluvia":79,"viento":119,"presion":624}
{"unidadTemperatura":"ºC","unidadHumedad":"HR","unidadRadiactividad":"Bequerelio","temperatura":5,"humedad":24,"radiactividad":96}
{"unidadLluvia":"litros/m2","unidadViento":"km/h","unidadPresion":"mbar","lluvia":54,"viento":123,"presion":830}
{"unidadTemperatura":"ºC","unidadHumedad":"HR","unidadRadiactividad":"Bequerelio","temperatura":35,"humedad":31,"radiactividad":87}
{"unidadLluvia":"litros/m2","unidadViento":"km/h","unidadPresion":"mbar","lluvia":17,"viento":53,"presion":299}
{"unidadLluvia":"litros/m2","unidadViento":"km/h","unidadPresion":"mbar","lluvia":73,"viento":145,"presion":27}
{"unidadTemperatura":"ºC","unidadHumedad":"HR","unidadRadiactividad":"Bequerelio","temperatura":19,"humedad":54,"radiactividad":2}
{"unidadLluvia":"litros/m2","unidadViento":"km/h","unidadPresion":"mbar","lluvia":27,"viento":112,"presion":429}
{"unidadTemperatura":"ºC","unidadHumedad":"HR","unidadRadiactividad":"Bequerelio","temperatura":17,"humedad":87,"radiactividad":64}
{"unidadLluvia":"litros/m2","unidadViento":"km/h","unidadPresion":"mbar","lluvia":27,"viento":87,"presion":627}
{"unidadTemperatura":"ºC","unidadHumedad":"HR","unidadRadiactividad":"Bequerelio","temperatura":13,"humedad":53,"radiactividad":47}
{"unidadLluvia":"litros/m2","unidadViento":"km/h","unidadPresion":"mbar","lluvia":37,"viento":9,"presion":88}
{"unidadTemperatura":"ºC","unidadHumedad":"HR","unidadRadiactividad":"Bequerelio","temperatura":26,"humedad":60,"radiactividad":43}
{"unidadLluvia":"litros/m2","unidadViento":"km/h","unidadPresion":"mbar","lluvia":40,"viento":138,"presion":941}
{"unidadTemperatura":"ºC","unidadHumedad":"HR","unidadRadiactividad":"Bequerelio","temperatura":25,"humedad":95,"radiactividad":76}
{"unidadLluvia":"litros/m2","unidadViento":"km/h","unidadPresion":"mbar","lluvia":18,"viento":135,"presion":545}
{"unidadTemperatura":"ºC","unidadHumedad":"HR","unidadRadiactividad":"Bequerelio","temperatura":13,"humedad":83,"radiactividad":6}
{"unidadLluvia":"litros/m2","unidadViento":"km/h","unidadPresion":"mbar","lluvia":95,"viento":85,"presion":239}
{"unidadTemperatura":"ºC","unidadHumedad":"HR","unidadRadiactividad":"Bequerelio","temperatura":5,"humedad":65,"radiactividad":58}
{"unidadLluvia":"litros/m2","unidadViento":"km/h","unidadPresion":"mbar","lluvia":21,"viento":108,"presion":925}
{"unidadTemperatura":"ºC","unidadHumedad":"HR","unidadRadiactividad":"Bequerelio","temperatura":31,"humedad":88,"radiactividad":75}
{"unidadLluvia":"litros/m2","unidadViento":"km/h","unidadPresion":"mbar","lluvia":11,"viento":131,"presion":1023}
{"unidadTemperatura":"ºC","unidadHumedad":"HR","unidadRadiactividad":"Bequerelio","temperatura":6,"humedad":100,"radiactividad":6}
{"unidadLluvia":"litros/m2","unidadViento":"km/h","unidadPresion":"mbar","lluvia":48,"viento":138,"presion":1116}
{"unidadTemperatura":"ºC","unidadHumedad":"HR","unidadRadiactividad":"Bequerelio","temperatura":25,"humedad":5,"radiactividad":32}
{"unidadLluvia":"litros/m2","unidadViento":"km/h","unidadPresion":"mbar","lluvia":75,"viento":6,"presion":536}
{"unidadTemperatura":"ºC","unidadHumedad":"HR","unidadRadiactividad":"Bequerelio","temperatura":5,"humedad":33,"radiactividad":43}
{"unidadLluvia":"litros/m2","unidadViento":"km/h","unidadPresion":"mbar","lluvia":83,"viento":49,"presion":411}
{"unidadTemperatura":"ºC","unidadHumedad":"HR","unidadRadiactividad":"Bequerelio","temperatura":32,"humedad":82,"radiactividad":47}
{"unidadLluvia":"litros/m2","unidadViento":"km/h","unidadPresion":"mbar","lluvia":33,"viento":113,"presion":1192}
{"unidadTemperatura":"ºC","unidadHumedad":"HR","unidadRadiactividad":"Bequerelio","temperatura":12,"humedad":26,"radiactividad":77}
{"unidadLluvia":"litros/m2","unidadViento":"km/h","unidadPresion":"mbar","lluvia":58,"viento":37,"presion":423}
{"unidadTemperatura":"ºC","unidadHumedad":"HR","unidadRadiactividad":"Bequerelio","temperatura":15,"humedad":87,"radiactividad":76}
{"unidadLluvia":"litros/m2","unidadViento":"km/h","unidadPresion":"mbar","lluvia":92,"viento":116,"presion":17}
{"unidadTemperatura":"ºC","unidadHumedad":"HR","unidadRadiactividad":"Bequerelio","temperatura":15,"humedad":17,"radiactividad":28}
{"unidadLluvia":"litros/m2","unidadViento":"km/h","unidadPresion":"mbar","lluvia":17,"viento":150,"presion":553}
{"unidadTemperatura":"ºC","unidadHumedad":"HR","unidadRadiactividad":"Bequerelio","temperatura":25,"humedad":9,"radiactividad":33}
{"unidadLluvia":"litros/m2","unidadViento":"km/h","unidadPresion":"mbar","lluvia":81,"viento":142,"presion":181}
{"unidadTemperatura":"ºC","unidadHumedad":"HR","unidadRadiactividad":"Bequerelio","temperatura":16,"humedad":99,"radiactividad":75}
{"unidadLluvia":"litros/m2","unidadViento":"km/h","unidadPresion":"mbar","lluvia":79,"viento":128,"presion":195}
{"unidadTemperatura":"ºC","unidadHumedad":"HR","unidadRadiactividad":"Bequerelio","temperatura":4,"humedad":82,"radiactividad":64}
{"unidadLluvia":"litros/m2","unidadViento":"km/h","unidadPresion":"mbar","lluvia":81,"viento":87,"presion":580}
{"unidadTemperatura":"ºC","unidadHumedad":"HR","unidadRadiactividad":"Bequerelio","temperatura":23,"humedad":34,"radiactividad":20}
{"unidadLluvia":"litros/m2","unidadViento":"km/h","unidadPresion":"mbar","lluvia":59,"viento":37,"presion":19}
{"unidadTemperatura":"ºC","unidadHumedad":"HR","unidadRadiactividad":"Bequerelio","temperatura":17,"humedad":71,"radiactividad":56}
{"unidadLluvia":"litros/m2","unidadViento":"km/h","unidadPresion":"mbar","lluvia":65,"viento":29,"presion":112}
{"unidadTemperatura":"ºC","unidadHumedad":"HR","unidadRadiactividad":"Bequerelio","temperatura":18,"humedad":44,"radiactividad":9}
{"unidadLluvia":"litros/m2","unidadViento":"km/h","unidadPresion":"mbar","lluvia":19,"viento":145,"presion":597}
{"unidadLluvia":"litros/m2","unidadViento":"km/h","unidadPresion":"mbar","lluvia":60,"viento":92,"presion":251}
{"unidadLluvia":"litros/m2","unidadViento":"km/h","unidadPresion":"mbar","lluvia":82,"viento":91,"presion":1067}
{"unidadTemperatura":"ºC","unidadHumedad":"HR","unidadRadiactividad":"Bequerelio","temperatura":19,"humedad":37,"radiactividad":57}
{"unidadLluvia":"litros/m2","unidadViento":"km/h","unidadPresion":"mbar","lluvia":20,"viento":80,"presion":555}
{"unidadTemperatura":"ºC","unidadHumedad":"HR","unidadRadiactividad":"Bequerelio","temperatura":28,"humedad":99,"radiactividad":16}
{"unidadLluvia":"litros/m2","unidadViento":"km/h","unidadPresion":"mbar","lluvia":88,"viento":112,"presion":834}
{"unidadTemperatura":"ºC","unidadHumedad":"HR","unidadRadiactividad":"Bequerelio","temperatura":39,"humedad":59,"radiactividad":14}
{"unidadLluvia":"litros/m2","unidadViento":"km/h","unidadPresion":"mbar","lluvia":93,"viento":110,"presion":523}
{"unidadTemperatura":"ºC","unidadHumedad":"HR","unidadRadiactividad":"Bequerelio","temperatura":17,"humedad":61,"radiactividad":53}
{"unidadLluvia":"litros/m2","unidadViento":"km/h","unidadPresion":"mbar","lluvia":59,"viento":9,"presion":286}
{"unidadTemperatura":"ºC","unidadHumedad":"HR","unidadRadiactividad":"Bequerelio","temperatura":37,"humedad":23,"radiactividad":27}
{"unidadLluvia":"litros/m2","unidadViento":"km/h","unidadPresion":"mbar","lluvia":23,"viento":41,"presion":242}
{"unidadTemperatura":"ºC","unidadHumedad":"HR","unidadRadiactividad":"Bequerelio","temperatura":15,"humedad":58,"radiactividad":69}
{"unidadLluvia":"litros/m2","unidadViento":"km/h","unidadPresion":"mbar","lluvia":21,"viento":10,"presion":1006}
{"unidadTemperatura":"ºC","unidadHumedad":"HR","unidadRadiactividad":"Bequerelio","temperatura":25,"humedad":23,"radiactividad":83}
{"unidadLluvia":"litros/m2","unidadViento":"km/h","unidadPresion":"mbar","lluvia":71,"viento":90,"presion":967}
{"unidadTemperatura":"ºC","unidadHumedad":"HR","unidadRadiactividad":"Bequerelio","temperatura":6,"humedad":87,"radiactividad":43}
{"unidadLluvia":"litros/m2","unidadViento":"km/h","unidadPresion":"mbar","lluvia":62,"viento":54,"presion":111}
{"unidadTemperatura":"ºC","unidadHumedad":"HR","unidadRadiactividad":"Bequerelio","temperatura":8,"humedad":36,"radiactividad":99}
{"unidadLluvia":"litros/m2","unidadViento":"km/h","unidadPresion":"mbar","lluvia":28,"viento":13,"presion":464}
{"unidadTemperatura":"ºC","unidadHumedad":"HR","unidadRadiactividad":"Bequerelio","temperatura":9,"humedad":26,"radiactividad":17}
{"unidadLluvia":"litros/m2","unidadViento":"km/h","unidadPresion":"mbar","lluvia":45,"viento":1,"presion":701}
{"unidadTemperatura":"ºC","unidadHumedad":"HR","unidadRadiactividad":"Bequerelio","temperatura":10,"humedad":77,"radiactividad":2}
{"unidadLluvia":"litros/m2","unidadViento":"km/h","unidadPresion":"mbar","lluvia":7,"viento":131,"presion":485}
{"unidadTemperatura":"ºC","unidadHumedad":"HR","unidadRadiactividad":"Bequerelio","temperatura":31,"humedad":72,"radiactividad":97}
{"unidadLluvia":"litros/m2","unidadViento":"km/h","unidadPresion":"mbar","lluvia":60,"viento":32,"presion":1146}
{"unidadTemperatura":"ºC","unidadHumedad":"HR","unidadRadiactividad":"Bequerelio","temperatura":34,"humedad":50,"radiactividad":12}
{"unidadLluvia":"litros/m2","unidadViento":"km/h","unidadPresion":"mbar","lluvia":88,"viento":145,"presion":208}
{"unidadTemperatura":"ºC","unidadHumedad":"HR","unidadRadiactividad":"Bequerelio","temperatura":31,"humedad":15,"radiactividad":16}
{"unidadLluvia":"litros/m2","unidadViento":"km/h","unidadPresion":"mbar","lluvia":36,"viento":25,"presion":659}
{"unidadTemperatura":"ºC","unidadHumedad":"HR","unidadRadiactividad":"Bequerelio","temperatura":11,"humedad":71,"radiactividad":84}
{"unidadLluvia":"litros/m2","unidadViento":"km/h","unidadPresion":"mbar","lluvia":98,"viento":64,"presion":1001}
{"unidadTemperatura":"ºC","unidadHumedad":"HR","unidadRadiactividad":"Bequerelio","temperatura":13,"humedad":81,"radiactividad":17}
{"unidadLluvia":"litros/m2","unidadViento":"km/h","unidadPresion":"mbar","lluvia":62,"viento":32,"presion":1116}
{"unidadTemperatura":"ºC","unidadHumedad":"HR","unidadRadiactividad":"Bequerelio","temperatura":38,"humedad":3,"radiactividad":47}
{"unidadLluvia":"litros/m2","unidadViento":"km/h","unidadPresion":"mbar","lluvia":62,"viento":109,"presion":293}
{"unidadTemperatura":"ºC","unidadHumedad":"HR","unidadRadiactividad":"Bequerelio","temperatura":28,"humedad":48,"radiactividad":34}
{"unidadLluvia":"litros/m2","unidadViento":"km/h","unidadPresion":"mbar","lluvia":19,"viento":63,"presion":58}
{"unidadTemperatura":"ºC","unidadHumedad":"HR","unidadRadiactividad":"Bequerelio","temperatura":20,"humedad":31,"radiactividad":57}
{"unidadLluvia":"litros/m2","unidadViento":"km/h","unidadPresion":"mbar","lluvia":19,"viento":20,"presion":806}
{"unidadTemperatura":"ºC","unidadHumedad":"HR","unidadRadiactividad":"Bequerelio","temperatura":35,"humedad":69,"radiactividad":60}
{"unidadLluvia":"litros/m2","unidadViento":"km/h","unidadPresion":"mbar","lluvia":94,"viento":26,"presion":445}
{"unidadTemperatura":"ºC","unidadHumedad":"HR","unidadRadiactividad":"Bequerelio","temperatura":26,"humedad":94,"radiactividad":63}
{"unidadLluvia":"litros/m2","unidadViento":"km/h","unidadPresion":"mbar","lluvia":5,"viento":41,"presion":61}
{"unidadTemperatura":"ºC","unidadHumedad":"HR","unidadRadiactividad":"Bequerelio","temperatura":27,"humedad":58,"radiactividad":41}
{"unidadLluvia":"litros/m2","unidadViento":"km/h","unidadPresion":"mbar","lluvia":47,"viento":137,"presion":335}
{"unidadTemperatura":"ºC","unidadHumedad":"HR","unidadRadiactividad":"Bequerelio","temperatura":29,"humedad":36,"radiactividad":32}
{"unidadLluvia":"litros/m2","unidadViento":"km/h","unidadPresion":"mbar","lluvia":1,"viento":128,"presion":469}
{"unidadTemperatura":"ºC","unidadHumedad":"HR","unidadRadiactividad":"Bequerelio","temperatura":8,"humedad":21,"radiactividad":43}
{"unidadLluvia":"litros/m2","unidadViento":"km/h","unidadPresion":"mbar","lluvia":100,"viento":49,"presion":7}
{"unidadTemperatura":"ºC","unidadHumedad":"HR","unidadRadiactividad":"Bequerelio","temperatura":2,"humedad":55,"radiactividad":33}
{"unidadLluvia":"litros/m2","unidadViento":"km/h","unidadPresion":"mbar","lluvia":3,"viento":71,"presion":102}
{"unidadTemperatura":"ºC","unidadHumedad":"HR","unidadRadiactividad":"Bequerelio","temperatura":25,"humedad":1,"radiactividad":70}
{"unidadLluvia":"litros/m2","unidadViento":"km/h","unidadPresion":"mbar","lluvia":10,"viento":90,"presion":307}
{"unidadTemperatura":"ºC","unidadHumedad":"HR","unidadRadiactividad":"Bequerelio","temperatura":9,"humedad":17,"radiactividad":58}
{"unidadLluvia":"litros/m2","unidadViento":"km/h","unidadPresion":"mbar","lluvia":71,"viento":120,"presion":529}
{"unidadTemperatura":"ºC","unidadHumedad":"HR","unidadRadiactividad":"Bequerelio","temperatura":13,"humedad":21,"radiactividad":50}
{"unidadLluvia":"litros/m2","unidadViento":"km/h","unidadPresion":"mbar","lluvia":26,"viento":8,"presion":919}
{"unidadTemperatura":"ºC","unidadHumedad":"HR","unidadRadiactividad":"Bequerelio","temperatura":22,"humedad":56,"radiactividad":30}
{"unidadLluvia":"litros/m2","unidadViento":"km/h","unidadPresion":"mbar","lluvia":97,"viento":101,"presion":482}
{"unidadTemperatura":"ºC","unidadHumedad":"HR","unidadRadiactividad":"Bequerelio","temperatura":3,"humedad":50,"radiactividad":19}
{"unidadLluvia":"litros/m2","unidadViento":"km/h","unidadPresion":"mbar","lluvia":51,"viento":148,"presion":966}
{"unidadTemperatura":"ºC","unidadHumedad":"HR","unidadRadiactividad":"Bequerelio","temperatura":6,"humedad":24,"radiactividad":34}
{"unidadLluvia":"litros/m2","unidadViento":"km/h","unidadPresion":"mbar","lluvia":39,"viento":148,"presion":529}
{"unidadTemperatura":"ºC","unidadHumedad":"HR","unidadRadiactividad":"Bequerelio","temperatura":2,"humedad":55,"radiactividad":74}
{"unidadLluvia":"litros/m2","unidadViento":"km/h","unidadPresion":"mbar","lluvia":5,"viento":36,"presion":141}
{"unidadTemperatura":"ºC","unidadHumedad":"HR","unidadRadiactividad":"Bequerelio","temperatura":29,"humedad":54,"radiactividad":84}
{"unidadLluvia":"litros/m2","unidadViento":"km/h","unidadPresion":"mbar","lluvia":50,"viento":46,"presion":540}
{"unidadTemperatura":"ºC","unidadHumedad":"HR","unidadRadiactividad":"Bequerelio","temperatura":38,"humedad":88,"radiactividad":8}
{"unidadLluvia":"litros/m2","unidadViento":"km/h","unidadPresion":"mbar","lluvia":13,"viento":88,"presion":724}
{"unidadTemperatura":"ºC","unidadHumedad":"HR","unidadRadiactividad":"Bequerelio","temperatura":39,"humedad":18,"radiactividad":3}
{"unidadLluvia":"litros/m2","unidadViento":"km/h","unidadPresion":"mbar","lluvia":41,"viento":71,"presion":1001}
{"unidadTemperatura":"ºC","unidadHumedad":"HR","unidadRadiactividad":"Bequerelio","temperatura":15,"humedad":40,"radiactividad":70}
{"unidadLluvia":"litros/m2","unidadViento":"km/h","unidadPresion":"mbar","lluvia":87,"viento":71,"presion":497}
{"unidadTemperatura":"ºC","unidadHumedad":"HR","unidadRadiactividad":"Bequerelio","temperatura":30,"humedad":49,"radiactividad":43}
{"unidadLluvia":"litros/m2","unidadViento":"km/h","unidadPresion":"mbar","lluvia":46,"viento":121,"presion":812}
{"unidadTemperatura":"ºC","unidadHumedad":"HR","unidadRadiactividad":"Bequerelio","temperatura":24,"humedad":52,"radiactividad":71}
{"unidadLluvia":"litros/m2","unidadViento":"km/h","unidadPresion":"mbar","lluvia":58,"viento":130,"presion":157}
{"unidadTemperatura":"ºC","unidadHumedad":"HR","unidadRadiactividad":"Bequerelio","temperatura":3,"humedad":45,"radiactividad":13}
{"unidadLluvia":"litros/m2","unidadViento":"km/h","unidadPresion":"mbar","lluvia":5,"viento":45,"presion":1198}
{"unidadTemperatura":"ºC","unidadHumedad":"HR","unidadRadiactividad":"Bequerelio","temperatura":19,"humedad":15,"radiactividad":14}
{"unidadLluvia":"litros/m2","unidadViento":"km/h","unidadPresion":"mbar","lluvia":73,"viento":105,"presion":569}
{"unidadTemperatura":"ºC","unidadHumedad":"HR","unidadRadiactividad":"Bequerelio","temperatura":32,"humedad":67,"radiactividad":68}
{"unidadLluvia":"litros/m2","unidadViento":"km/h","unidadPresion":"mbar","lluvia":32,"viento":127,"presion":508}
{"unidadTemperatura":"ºC","unidadHumedad":"HR","unidadRadiactividad":"Bequerelio","temperatura":17,"humedad":90,"radiactividad":26}
{"unidadLluvia":"litros/m2","unidadViento":"km/h","unidadPresion":"mbar","lluvia":40,"viento":97,"presion":820}
{"unidadTemperatura":"ºC","unidadHumedad":"HR","unidadRadiactividad":"Bequerelio","temperatura":29,"humedad":20,"radiactividad":48}
{"unidadLluvia":"litros/m2","unidadViento":"km/h","unidadPresion":"mbar","lluvia":40,"viento":108,"presion":1149}
{"unidadTemperatura":"ºC","unidadHumedad":"HR","unidadRadiactividad":"Bequerelio","temperatura":30,"humedad":39,"radiactividad":37}
{"unidadLluvia":"litros/m2","unidadViento":"km/h","unidadPresion":"mbar","lluvia":70,"viento":63,"presion":220}
{"unidadTemperatura":"ºC","unidadHumedad":"HR","unidadRadiactividad":"Bequerelio","temperatura":10,"humedad":70,"radiactividad":6}
{"unidadLluvia":"litros/m2","unidadViento":"km/h","unidadPresion":"mbar","lluvia":54,"viento":130,"presion":1079}
{"unidadTemperatura":"ºC","unidadHumedad":"HR","unidadRadiactividad":"Bequerelio","temperatura":1,"humedad":46,"radiactividad":44}
{"unidadLluvia":"litros/m2","unidadViento":"km/h","unidadPresion":"mbar","lluvia":74,"viento":17,"presion":67}
{"unidadTemperatura":"ºC","unidadHumedad":"HR","unidadRadiactividad":"Bequerelio","temperatura":9,"humedad":93,"radiactividad":32}
{"unidadLluvia":"litros/m2","unidadViento":"km/h","unidadPresion":"mbar","lluvia":91,"viento":55,"presion":839}
{"unidadTemperatura":"ºC","unidadHumedad":"HR","unidadRadiactividad":"Bequerelio","temperatura":32,"humedad":90,"radiactividad":17}
{"unidadLluvia":"litros/m2","unidadViento":"km/h","unidadPresion":"mbar","lluvia":51,"viento":49,"presion":925}
{"unidadTemperatura":"ºC","unidadHumedad":"HR","unidadRadiactividad":"Bequerelio","temperatura":27,"humedad":88,"radiactividad":20}
{"unidadLluvia":"litros/m2","unidadViento":"km/h","unidadPresion":"mbar","lluvia":52,"viento":91,"presion":869}
{"unidadTemperatura":"ºC","unidadHumedad":"HR","unidadRadiactividad":"Bequerelio","temperatura":24,"humedad":1,"radiactividad":57}
{"unidadLluvia":"litros/m2","unidadViento":"km/h","unidadPresion":"mbar","lluvia":20,"viento":125,"presion":31}
{"unidadTemperatura":"ºC","unidadHumedad":"HR","unidadRadiactividad":"Bequerelio","temperatura":35,"humedad":86,"radiactividad":98}
{"unidadLluvia":"litros/m2","unidadViento":"km/h","unidadPresion":"mbar","lluvia":83,"viento":24,"presion":300}
{"unidadTemperatura":"ºC","unidadHumedad":"HR","unidadRadiactividad":"Bequerelio","temperatura":19,"humedad":96,"radiactividad":34}
{"unidadLluvia":"litros/m2","unidadViento":"km/h","unidadPresion":"mbar","lluvia":39,"viento":82,"presion":255}
{"unidadTemperatura":"ºC","unidadHumedad":"HR","unidadRadiactividad":"Bequerelio","temperatura":37,"humedad":74,"radiactividad":89}
{"unidadLluvia":"litros/m2","unidadViento":"km/h","unidadPresion":"mbar","lluvia":57,"viento":103,"presion":571}
{"unidadTemperatura":"ºC","unidadHumedad":"HR","unidadRadiactividad":"Bequerelio","temperatura":40,"humedad":76,"radiactividad":22}
{"unidadLluvia":"litros/m2","unidadViento":"km/h","unidadPresion":"mbar","lluvia":66,"viento":103,"presion":1153}
{"unidadTemperatura":"ºC","unidadHumedad":"HR","unidadRadiactividad":"Bequerelio","temperatura":21,"humedad":81,"radiactividad":42}
{"unidadLluvia":"litros/m2","unidadViento":"km/h","unidadPresion":"mbar","lluvia":41,"viento":8,"presion":534}
{"unidadTemperatura":"ºC","unidadHumedad":"HR","unidadRadiactividad":"Bequerelio","temperatura":6,"humedad":42,"radiactividad":78}
{"unidadLluvia":"litros/m2","unidadViento":"km/h","unidadPresion":"mbar","lluvia":54,"viento":99,"presion":748}
{"unidadTemperatura":"ºC","unidadHumedad":"HR","unidadRadiactividad":"Bequerelio","temperatura":9,"humedad":28,"radiactividad":83}
{"unidadLluvia":"litros/m2","unidadViento":"km/h","unidadPresion":"mbar","lluvia":81,"viento":110,"presion":828}
{"unidadTemperatura":"ºC","unidadHumedad":"HR","unidadRadiactividad":"Bequerelio","temperatura":1,"humedad":84,"radiactividad":61}
{"unidadLluvia":"litros/m2","unidadViento":"km/h","unidadPresion":"mbar","lluvia":53,"viento":1,"presion":962}
{"unidadTemperatura":"ºC","unidadHumedad":"HR","unidadRadiactividad":"Bequerelio","temperatura":15,"humedad":36,"radiactividad":48}
{"unidadLluvia":"litros/m2","unidadViento":"km/h","unidadPresion":"mbar","lluvia":88,"viento":30,"presion":504}
{"unidadTemperatura":"ºC","unidadHumedad":"HR","unidadRadiactividad":"Bequerelio","temperatura":7,"humedad":57,"radiactividad":5}
{"unidadLluvia":"litros/m2","unidadViento":"km/h","unidadPresion":"mbar","lluvia":42,"viento":97,"presion":46}
{"unidadTemperatura":"ºC","unidadHumedad":"HR","unidadRadiactividad":"Bequerelio","temperatura":11,"humedad":34,"radiactividad":15}
{"unidadLluvia":"litros/m2","unidadViento":"km/h","unidadPresion":"mbar","lluvia":54,"viento":140,"presion":407}
{"unidadTemperatura":"ºC","unidadHumedad":"HR","unidadRadiactividad":"Bequerelio","temperatura":20,"humedad":55,"radiactividad":35}
{"unidadLluvia":"litros/m2","unidadViento":"km/h","unidadPresion":"mbar","lluvia":90,"viento":7,"presion":413}
{"unidadTemperatura":"ºC","unidadHumedad":"HR","unidadRadiactividad":"Bequerelio","temperatura":35,"humedad":17,"radiactividad":51}
{"unidadLluvia":"litros/m2","unidadViento":"km/h","unidadPresion":"mbar","lluvia":83,"viento":148,"presion":689}
{"unidadTemperatura":"ºC","unidadHumedad":"HR","unidadRadiactividad":"Bequerelio","temperatura":20,"humedad":86,"radiactividad":46}
{"unidadLluvia":"litros/m2","unidadViento":"km/h","unidadPresion":"mbar","lluvia":94,"viento":103,"presion":223}
{"unidadTemperatura":"ºC","unidadHumedad":"HR","unidadRadiactividad":"Bequerelio","temperatura":38,"humedad":31,"radiactividad":12}
{"unidadLluvia":"litros/m2","unidadViento":"km/h","unidadPresion":"mbar","lluvia":48,"viento":9,"presion":69}
{"unidadTemperatura":"ºC","unidadHumedad":"HR","unidadRadiactividad":"Bequerelio","temperatura":13,"humedad":96,"radiactividad":32}
{"unidadLluvia":"litros/m2","unidadViento":"km/h","unidadPresion":"mbar","lluvia":77,"viento":29,"presion":1020}
{"unidadTemperatura":"ºC","unidadHumedad":"HR","unidadRadiactividad":"Bequerelio","temperatura":34,"humedad":82,"radiactividad":94}
{"unidadLluvia":"litros/m2","unidadViento":"km/h","unidadPresion":"mbar","lluvia":60,"viento":4,"presion":473}
{"unidadTemperatura":"ºC","unidadHumedad":"HR","unidadRadiactividad":"Bequerelio","temperatura":15,"humedad":18,"radiactividad":2}
{"unidadLluvia":"litros/m2","unidadViento":"km/h","unidadPresion":"mbar","lluvia":32,"viento":107,"presion":670}
{"unidadTemperatura":"ºC","unidadHumedad":"HR","unidadRadiactividad":"Bequerelio","temperatura":31,"humedad":97,"radiactividad":91}
{"unidadLluvia":"litros/m2","unidadViento":"km/h","unidadPresion":"mbar","lluvia":48,"viento":43,"presion":357}
{"unidadTemperatura":"ºC","unidadHumedad":"HR","unidadRadiactividad":"Bequerelio","temperatura":15,"humedad":87,"radiactividad":57}
{"unidadLluvia":"litros/m2","unidadViento":"km/h","unidadPresion":"mbar","lluvia":33,"viento":66,"presion":759}
{"unidadTemperatura":"ºC","unidadHumedad":"HR","unidadRadiactividad":"Bequerelio","temperatura":19,"humedad":1,"radiactividad":41}
{"unidadLluvia":"litros/m2","unidadViento":"km/h","unidadPresion":"mbar","lluvia":47,"viento":138,"presion":1142}
{"unidadTemperatura":"ºC","unidadHumedad":"HR","unidadRadiactividad":"Bequerelio","temperatura":35,"humedad":2,"radiactividad":76}
{"unidadLluvia":"litros/m2","unidadViento":"km/h","unidadPresion":"mbar","lluvia":50,"viento":25,"presion":1119}
{"unidadTemperatura":"ºC","unidadHumedad":"HR","unidadRadiactividad":"Bequerelio","temperatura":26,"humedad":83,"radiactividad":81}
{"unidadLluvia":"litros/m2","unidadViento":"km/h","unidadPresion":"mbar","lluvia":65,"viento":111,"presion":1020}
{"unidadTemperatura":"ºC","unidadHumedad":"HR","unidadRadiactividad":"Bequerelio","temperatura":7,"humedad":38,"radiactividad":32}
{"unidadLluvia":"litros/m2","unidadViento":"km/h","unidadPresion":"mbar","lluvia":92,"viento":115,"presion":637}
{"unidadTemperatura":"ºC","unidadHumedad":"HR","unidadRadiactividad":"Bequerelio","temperatura":11,"humedad":38,"radiactividad":63}
{"unidadLluvia":"litros/m2","unidadViento":"km/h","unidadPresion":"mbar","lluvia":86,"viento":79,"presion":256}
{"unidadTemperatura":"ºC","unidadHumedad":"HR","unidadRadiactividad":"Bequerelio","temperatura":34,"humedad":1,"radiactividad":74}
{"unidadLluvia":"litros/m2","unidadViento":"km/h","unidadPresion":"mbar","lluvia":76,"viento":31,"presion":486}
{"unidadTemperatura":"ºC","unidadHumedad":"HR","unidadRadiactividad":"Bequerelio","temperatura":35,"humedad":80,"radiactividad":33}
{"unidadLluvia":"litros/m2","unidadViento":"km/h","unidadPresion":"mbar","lluvia":84,"viento":18,"presion":907}
{"unidadTemperatura":"ºC","unidadHumedad":"HR","unidadRadiactividad":"Bequerelio","temperatura":26,"humedad":41,"radiactividad":46}
{"unidadLluvia":"litros/m2","unidadViento":"km/h","unidadPresion":"mbar","lluvia":53,"viento":135,"presion":1199}
{"unidadTemperatura":"ºC","unidadHumedad":"HR","unidadRadiactividad":"Bequerelio","temperatura":20,"humedad":59,"radiactividad":56}
{"unidadLluvia":"litros/m2","unidadViento":"km/h","unidadPresion":"mbar","lluvia":85,"viento":78,"presion":502}
{"unidadTemperatura":"ºC","unidadHumedad":"HR","unidadRadiactividad":"Bequerelio","temperatura":38,"humedad":7,"radiactividad":60}
{"unidadLluvia":"litros/m2","unidadViento":"km/h","unidadPresion":"mbar","lluvia":59,"viento":105,"presion":1195}
{"unidadTemperatura":"ºC","unidadHumedad":"HR","unidadRadiactividad":"Bequerelio","temperatura":6,"humedad":82,"radiactividad":66}
{"unidadLluvia":"litros/m2","unidadViento":"km/h","unidadPresion":"mbar","lluvia":58,"viento":74,"presion":693}
{"unidadTemperatura":"ºC","unidadHumedad":"HR","unidadRadiactividad":"Bequerelio","temperatura":10,"humedad":79,"radiactividad":23}
{"unidadLluvia":"litros/m2","unidadViento":"km/h","unidadPresion":"mbar","lluvia":58,"viento":92,"presion":1184}
{"unidadTemperatura":"ºC","unidadHumedad":"HR","unidadRadiactividad":"Bequerelio","temperatura":17,"humedad":77,"radiactividad":48}
{"unidadLluvia":"litros/m2","unidadViento":"km/h","unidadPresion":"mbar","lluvia":14,"viento":144,"presion":942}
{"unidadTemperatura":"ºC","unidadHumedad":"HR","unidadRadiactividad":"Bequerelio","temperatura":1,"humedad":45,"radiactividad":90}
{"unidadLluvia":"litros/m2","unidadViento":"km/h","unidadPresion":"mbar","lluvia":80,"viento":145,"presion":1198}
{"unidadTemperatura":"ºC","unidadHumedad":"HR","unidadRadiactividad":"Bequerelio","temperatura":36,"humedad":97,"radiactividad":8}
{"unidadLluvia":"litros/m2","unidadViento":"km/h","unidadPresion":"mbar","lluvia":88,"viento":1,"presion":342}
{"unidadTemperatura":"ºC","unidadHumedad":"HR","unidadRadiactividad":"Bequerelio","temperatura":14,"humedad":53,"radiactividad":43}
{"unidadLluvia":"litros/m2","unidadViento":"km/h","unidadPresion":"mbar","lluvia":77,"viento":29,"presion":960}
{"unidadTemperatura":"ºC","unidadHumedad":"HR","unidadRadiactividad":"Bequerelio","temperatura":26,"humedad":58,"radiactividad":40}
{"unidadLluvia":"litros/m2","unidadViento":"km/h","unidadPresion":"mbar","lluvia":77,"viento":129,"presion":749}
{"unidadTemperatura":"ºC","unidadHumedad":"HR","unidadRadiactividad":"Bequerelio","temperatura":1,"humedad":82,"radiactividad":23}
{"unidadLluvia":"litros/m2","unidadViento":"km/h","unidadPresion":"mbar","lluvia":51,"viento":144,"presion":531}
{"unidadTemperatura":"ºC","unidadHumedad":"HR","unidadRadiactividad":"Bequerelio","temperatura":34,"humedad":92,"radiactividad":71}
{"unidadLluvia":"litros/m2","unidadViento":"km/h","unidadPresion":"mbar","lluvia":43,"viento":39,"presion":735}
{"unidadTemperatura":"ºC","unidadHumedad":"HR","unidadRadiactividad":"Bequerelio","temperatura":9,"humedad":26,"radiactividad":25}
{"unidadLluvia":"litros/m2","unidadViento":"km/h","unidadPresion":"mbar","lluvia":20,"viento":50,"presion":921}
{"unidadTemperatura":"ºC","unidadHumedad":"HR","unidadRadiactividad":"Bequerelio","temperatura":38,"humedad":82,"radiactividad":71}
{"unidadLluvia":"litros/m2","unidadViento":"km/h","unidadPresion":"mbar","lluvia":3,"viento":149,"presion":738}
{"unidadLluvia":"litros/m2","unidadViento":"km/h","unidadPresion":"mbar","lluvia":46,"viento":125,"presion":960}
{"unidadTemperatura":"ºC","unidadHumedad":"HR","unidadRadiactividad":"Bequerelio","temperatura":38,"humedad":100,"radiactividad":52}
{"unidadLluvia":"litros/m2","unidadViento":"km/h","unidadPresion":"mbar","lluvia":94,"viento":97,"presion":55}
{"unidadTemperatura":"ºC","unidadHumedad":"HR","unidadRadiactividad":"Bequerelio","temperatura":29,"humedad":31,"radiactividad":55}
{"unidadLluvia":"litros/m2","unidadViento":"km/h","unidadPresion":"mbar","lluvia":46,"viento":105,"presion":288}
{"unidadTemperatura":"ºC","unidadHumedad":"HR","unidadRadiactividad":"Bequerelio","temperatura":32,"humedad":25,"radiactividad":3}
{"unidadLluvia":"litros/m2","unidadViento":"km/h","unidadPresion":"mbar","lluvia":13,"viento":110,"presion":763}
{"unidadTemperatura":"ºC","unidadHumedad":"HR","unidadRadiactividad":"Bequerelio","temperatura":29,"humedad":55,"radiactividad":29}
{"unidadLluvia":"litros/m2","unidadViento":"km/h","unidadPresion":"mbar","lluvia":35,"viento":134,"presion":458}
{"unidadTemperatura":"ºC","unidadHumedad":"HR","unidadRadiactividad":"Bequerelio","temperatura":34,"humedad":16,"radiactividad":7}
{"unidadLluvia":"litros/m2","unidadViento":"km/h","unidadPresion":"mbar","lluvia":10,"viento":143,"presion":766}
{"unidadTemperatura":"ºC","unidadHumedad":"HR","unidadRadiactividad":"Bequerelio","temperatura":11,"humedad":70,"radiactividad":86}
{"unidadLluvia":"litros/m2","unidadViento":"km/h","unidadPresion":"mbar","lluvia":65,"viento":120,"presion":40}
{"unidadTemperatura":"ºC","unidadHumedad":"HR","unidadRadiactividad":"Bequerelio","temperatura":40,"humedad":96,"radiactividad":47}
{"unidadLluvia":"litros/m2","unidadViento":"km/h","unidadPresion":"mbar","lluvia":66,"viento":82,"presion":400}
{"unidadTemperatura":"ºC","unidadHumedad":"HR","unidadRadiactividad":"Bequerelio","temperatura":27,"humedad":65,"radiactividad":69}
{"unidadLluvia":"litros/m2","unidadViento":"km/h","unidadPresion":"mbar","lluvia":94,"viento":76,"presion":995}
{"unidadTemperatura":"ºC","unidadHumedad":"HR","unidadRadiactividad":"Bequerelio","temperatura":24,"humedad":3,"radiactividad":76}
{"unidadLluvia":"litros/m2","unidadViento":"km/h","unidadPresion":"mbar","lluvia":60,"viento":90,"presion":603}
{"unidadTemperatura":"ºC","unidadHumedad":"HR","unidadRadiactividad":"Bequerelio","temperatura":19,"humedad":7,"radiactividad":68}
{"unidadLluvia":"litros/m2","unidadViento":"km/h","unidadPresion":"mbar","lluvia":96,"viento":37,"presion":929}
{"unidadTemperatura":"ºC","unidadHumedad":"HR","unidadRadiactividad":"Bequerelio","temperatura":17,"humedad":57,"radiactividad":14}
{"unidadLluvia":"litros/m2","unidadViento":"km/h","unidadPresion":"mbar","lluvia":12,"viento":97,"presion":1043}
{"unidadTemperatura":"ºC","unidadHumedad":"HR","unidadRadiactividad":"Bequerelio","temperatura":38,"humedad":42,"radiactividad":50}
{"unidadLluvia":"litros/m2","unidadViento":"km/h","unidadPresion":"mbar","lluvia":61,"viento":13,"presion":1161}
{"unidadTemperatura":"ºC","unidadHumedad":"HR","unidadRadiactividad":"Bequerelio","temperatura":35,"humedad":16,"radiactividad":75}
{"unidadLluvia":"litros/m2","unidadViento":"km/h","unidadPresion":"mbar","lluvia":21,"viento":86,"presion":209}
{"unidadTemperatura":"ºC","unidadHumedad":"HR","unidadRadiactividad":"Bequerelio","temperatura":20,"humedad":69,"radiactividad":79}
{"unidadLluvia":"litros/m2","unidadViento":"km/h","unidadPresion":"mbar","lluvia":38,"viento":69,"presion":476}
{"unidadTemperatura":"ºC","unidadHumedad":"HR","unidadRadiactividad":"Bequerelio","temperatura":3,"humedad":86,"radiactividad":41}
{"unidadLluvia":"litros/m2","unidadViento":"km/h","unidadPresion":"mbar","lluvia":13,"viento":121,"presion":107}
{"unidadTemperatura":"ºC","unidadHumedad":"HR","unidadRadiactividad":"Bequerelio","temperatura":21,"humedad":87,"radiactividad":11}
{"unidadLluvia":"litros/m2","unidadViento":"km/h","unidadPresion":"mbar","lluvia":68,"viento":87,"presion":951}
{"unidadTemperatura":"ºC","unidadHumedad":"HR","unidadRadiactividad":"Bequerelio","temperatura":17,"humedad":81,"radiactividad":63}
{"unidadLluvia":"litros/m2","unidadViento":"km/h","unidadPresion":"mbar","lluvia":10,"viento":85,"presion":1118}
{"unidadTemperatura":"ºC","unidadHumedad":"HR","unidadRadiactividad":"Bequerelio","temperatura":40,"humedad":81,"radiactividad":67}
{"unidadLluvia":"litros/m2","unidadViento":"km/h","unidadPresion":"mbar","lluvia":49,"viento":112,"presion":662}
{"unidadTemperatura":"ºC","unidadHumedad":"HR","unidadRadiactividad":"Bequerelio","temperatura":6,"humedad":8,"radiactividad":15}
{"unidadLluvia":"litros/m2","unidadViento":"km/h","unidadPresion":"mbar","lluvia":47,"viento":98,"presion":318}
{"unidadTemperatura":"ºC","unidadHumedad":"HR","unidadRadiactividad":"Bequerelio","temperatura":18,"humedad":94,"radiactividad":93}
{"unidadLluvia":"litros/m2","unidadViento":"km/h","unidadPresion":"mbar","lluvia":24,"viento":100,"presion":1162}
{"unidadTemperatura":"ºC","unidadHumedad":"HR","unidadRadiactividad":"Bequerelio","temperatura":6,"humedad":5,"radiactividad":97}
{"unidadLluvia":"litros/m2","unidadViento":"km/h","unidadPresion":"mbar","lluvia":98,"viento":134,"presion":123}
{"unidadTemperatura":"ºC","unidadHumedad":"HR","unidadRadiactividad":"Bequerelio","temperatura":13,"humedad":73,"radiactividad":78}
{"unidadLluvia":"litros/m2","unidadViento":"km/h","unidadPresion":"mbar","lluvia":47,"viento":38,"presion":1085}
{"unidadTemperatura":"ºC","unidadHumedad":"HR","unidadRadiactividad":"Bequerelio","temperatura":40,"humedad":66,"radiactividad":38}
{"unidadLluvia":"litros/m2","unidadViento":"km/h","unidadPresion":"mbar","lluvia":74,"viento":68,"presion":1101}
{"unidadTemperatura":"ºC","unidadHumedad":"HR","unidadRadiactividad":"Bequerelio","temperatura":34,"humedad":75,"radiactividad":16}
{"unidadLluvia":"litros/m2","unidadViento":"km/h","unidadPresion":"mbar","lluvia":37,"viento":59,"presion":222}
{"unidadTemperatura":"ºC","unidadHumedad":"HR","unidadRadiactividad":"Bequerelio","temperatura":25,"humedad":42,"radiactividad":38}
{"unidadLluvia":"litros/m2","unidadViento":"km/h","unidadPresion":"mbar","lluvia":18,"viento":104,"presion":940}
{"unidadTemperatura":"ºC","unidadHumedad":"HR","unidadRadiactividad":"Bequerelio","temperatura":32,"humedad":84,"radiactividad":98}
{"unidadLluvia":"litros/m2","unidadViento":"km/h","unidadPresion":"mbar","lluvia":23,"viento":27,"presion":627}
{"unidadTemperatura":"ºC","unidadHumedad":"HR","unidadRadiactividad":"Bequerelio","temperatura":3,"humedad":93,"radiactividad":89}
{"unidadLluvia":"litros/m2","unidadViento":"km/h","unidadPresion":"mbar","lluvia":17,"viento":120,"presion":1052}
{"unidadTemperatura":"ºC","unidadHumedad":"HR","unidadRadiactividad":"Bequerelio","temperatura":25,"humedad":13,"radiactividad":93}
{"unidadLluvia":"litros/m2","unidadViento":"km/h","unidadPresion":"mbar","lluvia":35,"viento":130,"presion":528}
{"unidadTemperatura":"ºC","unidadHumedad":"HR","unidadRadiactividad":"Bequerelio","temperatura":12,"humedad":2,"radiactividad":31}
{"unidadLluvia":"litros/m2","unidadViento":"km/h","unidadPresion":"mbar","lluvia":30,"viento":106,"presion":780}
{"unidadTemperatura":"ºC","unidadHumedad":"HR","unidadRadiactividad":"Bequerelio","temperatura":35,"humedad":80,"radiactividad":41}
{"unidadLluvia":"litros/m2","unidadViento":"km/h","unidadPresion":"mbar","lluvia":79,"viento":138,"presion":481}
{"unidadTemperatura":"ºC","unidadHumedad":"HR","unidadRadiactividad":"Bequerelio","temperatura":35,"humedad":99,"radiactividad":35}
{"unidadLluvia":"litros/m2","unidadViento":"km/h","unidadPresion":"mbar","lluvia":3,"viento":109,"presion":342}
{"unidadLluvia":"litros/m2","unidadViento":"km/h","unidadPresion":"mbar","lluvia":29,"viento":10,"presion":197}
{"unidadTemperatura":"ºC","unidadHumedad":"HR","unidadRadiactividad":"Bequerelio","temperatura":26,"humedad":39,"radiactividad":6}
{"unidadLluvia":"litros/m2","unidadViento":"km/h","unidadPresion":"mbar","lluvia":58,"viento":74,"presion":204}
{"unidadTemperatura":"ºC","unidadHumedad":"HR","unidadRadiactividad":"Bequerelio","temperatura":22,"humedad":62,"radiactividad":82}
{"unidadLluvia":"litros/m2","unidadViento":"km/h","unidadPresion":"mbar","lluvia":86,"viento":42,"presion":341}
{"unidadTemperatura":"ºC","unidadHumedad":"HR","unidadRadiactividad":"Bequerelio","temperatura":4,"humedad":13,"radiactividad":2}
{"unidadLluvia":"litros/m2","unidadViento":"km/h","unidadPresion":"mbar","lluvia":92,"viento":24,"presion":560}
