<?xml version="1.0" encoding="UTF-8" standalone="no"?>
<CLIENTE xmlns:xs="http://www.w3.org/2001/XMLSchema-instance" xs:schemaLocation="http://www.danielruizvilla.com EsquemaControl.xsd" xmlns="http://www.danielruizvilla.com">
    <COMANDO>
        <VALOR>XML</VALOR>
    </COMANDO>
</CLIENTE>

<?xml version="1.0" encoding="UTF-8" standalone="no"?>
<CLIENTE xmlns:xs="http://www.w3.org/2001/XMLSchema-instance" xs:schemaLocation="http://www.danielruizvilla.com EsquemaControl.xsd" xmlns="http://www.danielruizvilla.com">
    <COMANDO>
        <VALOR>XML</VALOR>
    </COMANDO>
</CLIENTE>

<?xml version="1.0" encoding="UTF-8" standalone="no"?>
<CLIENTE xmlns:xs="http://www.w3.org/2001/XMLSchema-instance" xs:schemaLocation="http://www.danielruizvilla.com EsquemaControl.xsd" xmlns="http://www.danielruizvilla.com">
    <COMANDO>
        <VALOR>CHRAIN</VALOR>
    </COMANDO>
</CLIENTE>

<?xml version="1.0" encoding="UTF-8" standalone="no"?>
<CLIENTE xmlns:xs="http://www.w3.org/2001/XMLSchema-instance" xs:schemaLocation="http://www.danielruizvilla.com EsquemaControl.xsd" xmlns="http://www.danielruizvilla.com">
    <COMANDO>
        <VALOR>CHTEMP</VALOR>
    </COMANDO>
</CLIENTE>

<?xml version="1.0" encoding="UTF-8" standalone="no"?>
<CLIENTE xmlns:xs="http://www.w3.org/2001/XMLSchema-instance" xs:schemaLocation="http://www.danielruizvilla.com EsquemaControl.xsd" xmlns="http://www.danielruizvilla.com">
    <COMANDO>
        <VALOR>CHRAD</VALOR>
    </COMANDO>
</CLIENTE>

<?xml version="1.0" encoding="UTF-8" standalone="no"?>
<CLIENTE xmlns:xs="http://www.w3.org/2001/XMLSchema-instance" xs:schemaLocation="http://www.danielruizvilla.com EsquemaControl.xsd" xmlns="http://www.danielruizvilla.com">
    <COMANDO>
        <VALOR>CHHUM</VALOR>
    </COMANDO>
</CLIENTE>

