<?xml version="1.0" encoding="UTF-8" standalone="no"?>
<B xmlns:xs="http://www.w3.org/2001/XMLSchema-instance" xs:schemaLocation="http://www.danielruizvilla.com EsquemaServerB.xsd" xmlns="http://www.danielruizvilla.com">
    <TEMPERATURA>
        <VALOR>31</VALOR>
        <UNIDAD>ºC</UNIDAD>
    </TEMPERATURA>
    <HUMEDAD>
        <VALOR>41</VALOR>
        <UNIDAD>ºC</UNIDAD>
    </HUMEDAD>
    <RADIACTIVIDAD>
        <VALOR>91</VALOR>
        <UNIDAD>Bequerelio</UNIDAD>
    </RADIACTIVIDAD>
</B>

<?xml version="1.0" encoding="UTF-8" standalone="no"?>
<A xmlns:xs="http://www.w3.org/2001/XMLSchema-instance" xs:schemaLocation="http://www.danielruizvilla.com EsquemaServerA.xsd" xmlns="http://www.danielruizvilla.com">
    <LLUVIA>
        <VALOR>63</VALOR>
        <UNIDAD>litros/m2</UNIDAD>
    </LLUVIA>
    <VIENTO>
        <VALOR>73</VALOR>
        <UNIDAD>km/h</UNIDAD>
    </VIENTO>
    <PRESION>
        <VALOR>37</VALOR>
        <UNIDAD>mbar</UNIDAD>
    </PRESION>
</A>

<?xml version="1.0" encoding="UTF-8" standalone="no"?>
<B xmlns:xs="http://www.w3.org/2001/XMLSchema-instance" xs:schemaLocation="http://www.danielruizvilla.com EsquemaServerB.xsd" xmlns="http://www.danielruizvilla.com">
    <TEMPERATURA>
        <VALOR>23</VALOR>
        <UNIDAD>ºC</UNIDAD>
    </TEMPERATURA>
    <HUMEDAD>
        <VALOR>26</VALOR>
        <UNIDAD>ºC</UNIDAD>
    </HUMEDAD>
    <RADIACTIVIDAD>
        <VALOR>46</VALOR>
        <UNIDAD>Bequerelio</UNIDAD>
    </RADIACTIVIDAD>
</B>

<?xml version="1.0" encoding="UTF-8" standalone="no"?>
<A xmlns:xs="http://www.w3.org/2001/XMLSchema-instance" xs:schemaLocation="http://www.danielruizvilla.com EsquemaServerA.xsd" xmlns="http://www.danielruizvilla.com">
    <LLUVIA>
        <VALOR>46</VALOR>
        <UNIDAD>litros/m2</UNIDAD>
    </LLUVIA>
    <VIENTO>
        <VALOR>120</VALOR>
        <UNIDAD>km/h</UNIDAD>
    </VIENTO>
    <PRESION>
        <VALOR>199</VALOR>
        <UNIDAD>mbar</UNIDAD>
    </PRESION>
</A>

<?xml version="1.0" encoding="UTF-8" standalone="no"?>
<B xmlns:xs="http://www.w3.org/2001/XMLSchema-instance" xs:schemaLocation="http://www.danielruizvilla.com EsquemaServerB.xsd" xmlns="http://www.danielruizvilla.com">
    <TEMPERATURA>
        <VALOR>7</VALOR>
        <UNIDAD>ºC</UNIDAD>
    </TEMPERATURA>
    <HUMEDAD>
        <VALOR>80</VALOR>
        <UNIDAD>ºC</UNIDAD>
    </HUMEDAD>
    <RADIACTIVIDAD>
        <VALOR>20</VALOR>
        <UNIDAD>Bequerelio</UNIDAD>
    </RADIACTIVIDAD>
</B>

<?xml version="1.0" encoding="UTF-8" standalone="no"?>
<A xmlns:xs="http://www.w3.org/2001/XMLSchema-instance" xs:schemaLocation="http://www.danielruizvilla.com EsquemaServerA.xsd" xmlns="http://www.danielruizvilla.com">
    <LLUVIA>
        <VALOR>36</VALOR>
        <UNIDAD>litros/m3</UNIDAD>
    </LLUVIA>
    <VIENTO>
        <VALOR>102</VALOR>
        <UNIDAD>km/h</UNIDAD>
    </VIENTO>
    <PRESION>
        <VALOR>841</VALOR>
        <UNIDAD>mbar</UNIDAD>
    </PRESION>
</A>

<?xml version="1.0" encoding="UTF-8" standalone="no"?>
<A xmlns:xs="http://www.w3.org/2001/XMLSchema-instance" xs:schemaLocation="http://www.danielruizvilla.com EsquemaServerA.xsd" xmlns="http://www.danielruizvilla.com">
    <LLUVIA>
        <VALOR>11</VALOR>
        <UNIDAD>litros/m3</UNIDAD>
    </LLUVIA>
    <VIENTO>
        <VALOR>27</VALOR>
        <UNIDAD>km/h</UNIDAD>
    </VIENTO>
    <PRESION>
        <VALOR>812</VALOR>
        <UNIDAD>mbar</UNIDAD>
    </PRESION>
</A>

<?xml version="1.0" encoding="UTF-8" standalone="no"?>
<B xmlns:xs="http://www.w3.org/2001/XMLSchema-instance" xs:schemaLocation="http://www.danielruizvilla.com EsquemaServerB.xsd" xmlns="http://www.danielruizvilla.com">
    <TEMPERATURA>
        <VALOR>9</VALOR>
        <UNIDAD>ºC</UNIDAD>
    </TEMPERATURA>
    <HUMEDAD>
        <VALOR>41</VALOR>
        <UNIDAD>ºC</UNIDAD>
    </HUMEDAD>
    <RADIACTIVIDAD>
        <VALOR>34</VALOR>
        <UNIDAD>Bequerelio</UNIDAD>
    </RADIACTIVIDAD>
</B>

<?xml version="1.0" encoding="UTF-8" standalone="no"?>
<A xmlns:xs="http://www.w3.org/2001/XMLSchema-instance" xs:schemaLocation="http://www.danielruizvilla.com EsquemaServerA.xsd" xmlns="http://www.danielruizvilla.com">
    <LLUVIA>
        <VALOR>38</VALOR>
        <UNIDAD>litros/m3</UNIDAD>
    </LLUVIA>
    <VIENTO>
        <VALOR>56</VALOR>
        <UNIDAD>km/h</UNIDAD>
    </VIENTO>
    <PRESION>
        <VALOR>192</VALOR>
        <UNIDAD>mbar</UNIDAD>
    </PRESION>
</A>

<?xml version="1.0" encoding="UTF-8" standalone="no"?>
<B xmlns:xs="http://www.w3.org/2001/XMLSchema-instance" xs:schemaLocation="http://www.danielruizvilla.com EsquemaServerB.xsd" xmlns="http://www.danielruizvilla.com">
    <TEMPERATURA>
        <VALOR>22</VALOR>
        <UNIDAD>ºK</UNIDAD>
    </TEMPERATURA>
    <HUMEDAD>
        <VALOR>53</VALOR>
        <UNIDAD>ºK</UNIDAD>
    </HUMEDAD>
    <RADIACTIVIDAD>
        <VALOR>76</VALOR>
        <UNIDAD>Bequerelio</UNIDAD>
    </RADIACTIVIDAD>
</B>

<?xml version="1.0" encoding="UTF-8" standalone="no"?>
<B xmlns:xs="http://www.w3.org/2001/XMLSchema-instance" xs:schemaLocation="http://www.danielruizvilla.com EsquemaServerB.xsd" xmlns="http://www.danielruizvilla.com">
    <TEMPERATURA>
        <VALOR>15</VALOR>
        <UNIDAD>ºK</UNIDAD>
    </TEMPERATURA>
    <HUMEDAD>
        <VALOR>56</VALOR>
        <UNIDAD>ºK</UNIDAD>
    </HUMEDAD>
    <RADIACTIVIDAD>
        <VALOR>6</VALOR>
        <UNIDAD>Bequerelio</UNIDAD>
    </RADIACTIVIDAD>
</B>

<?xml version="1.0" encoding="UTF-8" standalone="no"?>
<A xmlns:xs="http://www.w3.org/2001/XMLSchema-instance" xs:schemaLocation="http://www.danielruizvilla.com EsquemaServerA.xsd" xmlns="http://www.danielruizvilla.com">
    <LLUVIA>
        <VALOR>54</VALOR>
        <UNIDAD>litros/m3</UNIDAD>
    </LLUVIA>
    <VIENTO>
        <VALOR>20</VALOR>
        <UNIDAD>km/h</UNIDAD>
    </VIENTO>
    <PRESION>
        <VALOR>501</VALOR>
        <UNIDAD>mbar</UNIDAD>
    </PRESION>
</A>

<?xml version="1.0" encoding="UTF-8" standalone="no"?>
<B xmlns:xs="http://www.w3.org/2001/XMLSchema-instance" xs:schemaLocation="http://www.danielruizvilla.com EsquemaServerB.xsd" xmlns="http://www.danielruizvilla.com">
    <TEMPERATURA>
        <VALOR>7</VALOR>
        <UNIDAD>ºK</UNIDAD>
    </TEMPERATURA>
    <HUMEDAD>
        <VALOR>36</VALOR>
        <UNIDAD>ºK</UNIDAD>
    </HUMEDAD>
    <RADIACTIVIDAD>
        <VALOR>51</VALOR>
        <UNIDAD>Curies</UNIDAD>
    </RADIACTIVIDAD>
</B>

<?xml version="1.0" encoding="UTF-8" standalone="no"?>
<B xmlns:xs="http://www.w3.org/2001/XMLSchema-instance" xs:schemaLocation="http://www.danielruizvilla.com EsquemaServerB.xsd" xmlns="http://www.danielruizvilla.com">
    <TEMPERATURA>
        <VALOR>25</VALOR>
        <UNIDAD>ºK</UNIDAD>
    </TEMPERATURA>
    <HUMEDAD>
        <VALOR>73</VALOR>
        <UNIDAD>ºK</UNIDAD>
    </HUMEDAD>
    <RADIACTIVIDAD>
        <VALOR>76</VALOR>
        <UNIDAD>Curies</UNIDAD>
    </RADIACTIVIDAD>
</B>

<?xml version="1.0" encoding="UTF-8" standalone="no"?>
<B xmlns:xs="http://www.w3.org/2001/XMLSchema-instance" xs:schemaLocation="http://www.danielruizvilla.com EsquemaServerB.xsd" xmlns="http://www.danielruizvilla.com">
    <TEMPERATURA>
        <VALOR>23</VALOR>
        <UNIDAD>ºK</UNIDAD>
    </TEMPERATURA>
    <HUMEDAD>
        <VALOR>69</VALOR>
        <UNIDAD>ºK</UNIDAD>
    </HUMEDAD>
    <RADIACTIVIDAD>
        <VALOR>48</VALOR>
        <UNIDAD>Curies</UNIDAD>
    </RADIACTIVIDAD>
</B>

<?xml version="1.0" encoding="UTF-8" standalone="no"?>
<A xmlns:xs="http://www.w3.org/2001/XMLSchema-instance" xs:schemaLocation="http://www.danielruizvilla.com EsquemaServerA.xsd" xmlns="http://www.danielruizvilla.com">
    <LLUVIA>
        <VALOR>68</VALOR>
        <UNIDAD>litros/m3</UNIDAD>
    </LLUVIA>
    <VIENTO>
        <VALOR>120</VALOR>
        <UNIDAD>km/h</UNIDAD>
    </VIENTO>
    <PRESION>
        <VALOR>758</VALOR>
        <UNIDAD>mbar</UNIDAD>
    </PRESION>
</A>

<?xml version="1.0" encoding="UTF-8" standalone="no"?>
<B xmlns:xs="http://www.w3.org/2001/XMLSchema-instance" xs:schemaLocation="http://www.danielruizvilla.com EsquemaServerB.xsd" xmlns="http://www.danielruizvilla.com">
    <TEMPERATURA>
        <VALOR>20</VALOR>
        <UNIDAD>ºK</UNIDAD>
    </TEMPERATURA>
    <HUMEDAD>
        <VALOR>75</VALOR>
        <UNIDAD>ºK</UNIDAD>
    </HUMEDAD>
    <RADIACTIVIDAD>
        <VALOR>69</VALOR>
        <UNIDAD>Curies</UNIDAD>
    </RADIACTIVIDAD>
</B>

<?xml version="1.0" encoding="UTF-8" standalone="no"?>
<A xmlns:xs="http://www.w3.org/2001/XMLSchema-instance" xs:schemaLocation="http://www.danielruizvilla.com EsquemaServerA.xsd" xmlns="http://www.danielruizvilla.com">
    <LLUVIA>
        <VALOR>84</VALOR>
        <UNIDAD>litros/m3</UNIDAD>
    </LLUVIA>
    <VIENTO>
        <VALOR>119</VALOR>
        <UNIDAD>km/h</UNIDAD>
    </VIENTO>
    <PRESION>
        <VALOR>422</VALOR>
        <UNIDAD>mbar</UNIDAD>
    </PRESION>
</A>

<?xml version="1.0" encoding="UTF-8" standalone="no"?>
<B xmlns:xs="http://www.w3.org/2001/XMLSchema-instance" xs:schemaLocation="http://www.danielruizvilla.com EsquemaServerB.xsd" xmlns="http://www.danielruizvilla.com">
    <TEMPERATURA>
        <VALOR>1</VALOR>
        <UNIDAD>ºK</UNIDAD>
    </TEMPERATURA>
    <HUMEDAD>
        <VALOR>29</VALOR>
        <UNIDAD>ºK</UNIDAD>
    </HUMEDAD>
    <RADIACTIVIDAD>
        <VALOR>26</VALOR>
        <UNIDAD>Curies</UNIDAD>
    </RADIACTIVIDAD>
</B>

<?xml version="1.0" encoding="UTF-8" standalone="no"?>
<A xmlns:xs="http://www.w3.org/2001/XMLSchema-instance" xs:schemaLocation="http://www.danielruizvilla.com EsquemaServerA.xsd" xmlns="http://www.danielruizvilla.com">
    <LLUVIA>
        <VALOR>2</VALOR>
        <UNIDAD>litros/m3</UNIDAD>
    </LLUVIA>
    <VIENTO>
        <VALOR>106</VALOR>
        <UNIDAD>km/h</UNIDAD>
    </VIENTO>
    <PRESION>
        <VALOR>638</VALOR>
        <UNIDAD>mbar</UNIDAD>
    </PRESION>
</A>

<?xml version="1.0" encoding="UTF-8" standalone="no"?>
<B xmlns:xs="http://www.w3.org/2001/XMLSchema-instance" xs:schemaLocation="http://www.danielruizvilla.com EsquemaServerB.xsd" xmlns="http://www.danielruizvilla.com">
    <TEMPERATURA>
        <VALOR>5</VALOR>
        <UNIDAD>ºK</UNIDAD>
    </TEMPERATURA>
    <HUMEDAD>
        <VALOR>86</VALOR>
        <UNIDAD>ºK</UNIDAD>
    </HUMEDAD>
    <RADIACTIVIDAD>
        <VALOR>63</VALOR>
        <UNIDAD>Curies</UNIDAD>
    </RADIACTIVIDAD>
</B>

<?xml version="1.0" encoding="UTF-8" standalone="no"?>
<A xmlns:xs="http://www.w3.org/2001/XMLSchema-instance" xs:schemaLocation="http://www.danielruizvilla.com EsquemaServerA.xsd" xmlns="http://www.danielruizvilla.com">
    <LLUVIA>
        <VALOR>38</VALOR>
        <UNIDAD>litros/m3</UNIDAD>
    </LLUVIA>
    <VIENTO>
        <VALOR>13</VALOR>
        <UNIDAD>km/h</UNIDAD>
    </VIENTO>
    <PRESION>
        <VALOR>654</VALOR>
        <UNIDAD>mbar</UNIDAD>
    </PRESION>
</A>

